year,typeOfDeath,country,region
2018,Murder,Afghanistan,South Asia
1998,Dangerous Assignment,Ethiopia,Sub-Saharan Africa
2012,Crossfire,Syrian Arab Republic,Middle East & North Africa
1996,Murder,Algeria,Middle East & North Africa
2013,Crossfire,Syrian Arab Republic,Middle East & North Africa
2015,N/A,"Yemen, Rep.",Middle East & North Africa
2012,Murder,Syrian Arab Republic,Middle East & North Africa
2006,Murder,Iraq,Middle East & North Africa
2013,Crossfire,Syrian Arab Republic,Middle East & North Africa
2006,N/A,Iraq,Middle East & North Africa
2004,Crossfire,Iraq,Middle East & North Africa
1993,Murder,Algeria,Middle East & North Africa
1995,Murder,Algeria,Middle East & North Africa
1994,Murder,Algeria,Middle East & North Africa
2016,Crossfire,Libya,Middle East & North Africa
1993,Murder,Algeria,Middle East & North Africa
2016,Murder,Somalia,Sub-Saharan Africa
2013,Murder,Somalia,Sub-Saharan Africa
2019,Dangerous Assignment,Somalia,Sub-Saharan Africa
2012,N/A,Somalia,Sub-Saharan Africa
2012,Murder,Somalia,Sub-Saharan Africa
2009,Crossfire,Somalia,Sub-Saharan Africa
2018,N/A,Somalia,Sub-Saharan Africa
2014,Murder,Somalia,Sub-Saharan Africa
2018,N/A,Somalia,Sub-Saharan Africa
2011,Murder,Somalia,Sub-Saharan Africa
2012,Murder,Somalia,Sub-Saharan Africa
2020,Murder,Somalia,Sub-Saharan Africa
2011,N/A,Pakistan,South Asia
1999,N/A,C么te d'Ivoire,Sub-Saharan Africa
2008,Crossfire,Pakistan,South Asia
2017,Dangerous Assignment,Bangladesh,South Asia
2019,Crossfire,Syrian Arab Republic,Middle East & North Africa
2012,Murder,Pakistan,South Asia
2018,Murder,Afghanistan,South Asia
2020,Crossfire,Syrian Arab Republic,Middle East & North Africa
2012,Murder,Pakistan,South Asia
2006,Dangerous Assignment,Afghanistan,South Asia
2013,Dangerous Assignment,Syrian Arab Republic,Middle East & North Africa
2007,N/A,Iraq,Middle East & North Africa
2014,N/A,"Yemen, Rep.",Middle East & North Africa
2018,Crossfire,Syrian Arab Republic,Middle East & North Africa
2008,Murder,Pakistan,South Asia
2016,Crossfire,Syrian Arab Republic,Middle East & North Africa
2008,Murder,Afghanistan,South Asia
1994,Crossfire,South Africa,Sub-Saharan Africa
2010,Dangerous Assignment,Pakistan,South Asia
2016,N/A,Syrian Arab Republic,Middle East & North Africa
2005,N/A,Iraq,Middle East & North Africa
2006,Murder,Iraq,Middle East & North Africa
1999,Murder,Sierra Leone,Sub-Saharan Africa
2014,Murder,Somalia,Sub-Saharan Africa
2007,Crossfire,Somalia,Sub-Saharan Africa
2009,Crossfire,Somalia,Sub-Saharan Africa
2018,N/A,"Yemen, Rep.",Middle East & North Africa
2018,Crossfire,"Yemen, Rep.",Middle East & North Africa
2018,Murder,Somalia,Sub-Saharan Africa
2016,Crossfire,Syrian Arab Republic,Middle East & North Africa
2015,Crossfire,"Yemen, Rep.",Middle East & North Africa
2013,N/A,Syrian Arab Republic,Middle East & North Africa
2003,Dangerous Assignment,Somalia,Sub-Saharan Africa
2010,N/A,Somalia,Sub-Saharan Africa
2017,Murder,Somalia,Sub-Saharan Africa
2009,Murder,Russian Federation,Europe & Central Asia
2007,Murder,Iraq,Middle East & North Africa
2008,N/A,Guatemala,Latin America & Caribbean
2007,Crossfire,Somalia,Sub-Saharan Africa
2012,Murder,Somalia,Sub-Saharan Africa
2018,Crossfire,India,South Asia
2015,Murder,South Sudan,Sub-Saharan Africa
2000,N/A,Russian Federation,Europe & Central Asia
2015,Dangerous Assignment,United States,North America
2010,N/A,Argentina,Latin America & Caribbean
2006,Murder,Iraq,Middle East & North Africa
2015,Murder,Iraq,Middle East & North Africa
2001,Dangerous Assignment,Algeria,Middle East & North Africa
2000,N/A,India,South Asia
1995,Crossfire,Azerbaijan,Europe & Central Asia
2004,Dangerous Assignment,Russian Federation,Europe & Central Asia
2005,Murder,Iraq,Middle East & North Africa
2007,Murder,Iraq,Middle East & North Africa
2006,Murder,Iraq,Middle East & North Africa
1992,Murder,Peru,Latin America & Caribbean
2006,N/A,Mexico,Latin America & Caribbean
1994,Murder,"Congo, Dem. Rep.",Sub-Saharan Africa
2012,Dangerous Assignment,Mexico,Latin America & Caribbean
1999,Dangerous Assignment,Timor-Leste,East Asia & Pacific
2006,N/A,Iraq,Middle East & North Africa
2016,Crossfire,Syrian Arab Republic,Middle East & North Africa
2003,Crossfire,Iraq,Middle East & North Africa
2011,Dangerous Assignment,"Egypt, Arab Rep.",Middle East & North Africa
2011,Crossfire,Afghanistan,South Asia
2006,Murder,Iraq,Middle East & North Africa
2018,N/A,Afghanistan,South Asia
1995,Murder,Algeria,Middle East & North Africa
2013,Dangerous Assignment,"Egypt, Arab Rep.",Middle East & North Africa
2020,Dangerous Assignment,Iraq,Middle East & North Africa
2015,Crossfire,Syrian Arab Republic,Middle East & North Africa
2018,Dangerous Assignment,Israel,Middle East & North Africa
2005,Murder,Iraq,Middle East & North Africa
2012,Murder,Somalia,Sub-Saharan Africa
2012,Crossfire,Syrian Arab Republic,Middle East & North Africa
2012,Crossfire,Syrian Arab Republic,Middle East & North Africa
2005,Murder,Iraq,Middle East & North Africa
2016,Crossfire,"Yemen, Rep.",Middle East & North Africa
2013,Dangerous Assignment,"Egypt, Arab Rep.",Middle East & North Africa
2018,Crossfire,Syrian Arab Republic,Middle East & North Africa
2012,Murder,Somalia,Sub-Saharan Africa
2007,Murder,Iraq,Middle East & North Africa
1993,Crossfire,Lebanon,Middle East & North Africa
2014,Dangerous Assignment,Syrian Arab Republic,Middle East & North Africa
2007,Crossfire,Somalia,Sub-Saharan Africa
2005,Murder,Iraq,Middle East & North Africa
2019,Murder,Ghana,Sub-Saharan Africa
2012,Dangerous Assignment,Bahrain,Middle East & North Africa
1994,Murder,Algeria,Middle East & North Africa
2005,Murder,Iraq,Middle East & North Africa
2000,Dangerous Assignment,Somalia,Sub-Saharan Africa
2015,Murder,Syrian Arab Republic,Middle East & North Africa
2019,Dangerous Assignment,Iraq,Middle East & North Africa
2013,Murder,Bangladesh,South Asia
2014,Murder,Maldives,South Asia
2006,Murder,Iraq,Middle East & North Africa
2008,Murder,Iraq,Middle East & North Africa
2003,Murder,Iraq,Middle East & North Africa
2005,Crossfire,Iraq,Middle East & North Africa
2016,Crossfire,Iraq,Middle East & North Africa
1999,Murder,Turkey,Europe & Central Asia
2001,N/A,Bangladesh,South Asia
2004,Murder,Sri Lanka,South Asia
2007,Murder,Afghanistan,South Asia
2016,N/A,India,South Asia
2013,Murder,Russian Federation,Europe & Central Asia
2015,N/A,India,South Asia
2012,Murder,"Egypt, Arab Rep.",Middle East & North Africa
2014,Murder,Syrian Arab Republic,Middle East & North Africa
2009,Crossfire,Iraq,Middle East & North Africa
2008,Crossfire,Iraq,Middle East & North Africa
2013,Murder,Iraq,Middle East & North Africa
2006,N/A,Iraq,Middle East & North Africa
2017,Crossfire,Syrian Arab Republic,Middle East & North Africa
2019,N/A,Syrian Arab Republic,Middle East & North Africa
2016,N/A,Iraq,Middle East & North Africa
2007,Murder,Iraq,Middle East & North Africa
1995,N/A,Guatemala,Latin America & Caribbean
1996,N/A,Philippines,East Asia & Pacific
2010,Murder,Angola,Sub-Saharan Africa
2013,N/A,Mexico,Latin America & Caribbean
2004,Murder,Peru,Latin America & Caribbean
1999,N/A,Colombia,Latin America & Caribbean
1992,N/A,Chad,Sub-Saharan Africa
2012,N/A,Philippines,East Asia & Pacific
2010,Murder,Belarus,Europe & Central Asia
1997,N/A,Colombia,Latin America & Caribbean
1992,Murder,Peru,Latin America & Caribbean
2009,Murder,Philippines,East Asia & Pacific
2008,Murder,Mexico,Latin America & Caribbean
2018,Dangerous Assignment,Central African Republic,Sub-Saharan Africa
1993,Dangerous Assignment,Russian Federation,Europe & Central Asia
1993,Dangerous Assignment,Russian Federation,Europe & Central Asia
2000,Crossfire,Russian Federation,Europe & Central Asia
2003,Murder,Russian Federation,Europe & Central Asia
1994,Crossfire,Bosnia and Herzegovina,Europe & Central Asia
2016,N/A,Philippines,East Asia & Pacific
2020,N/A,Nigeria,Sub-Saharan Africa
1994,N/A,Belarus,Europe & Central Asia
2008,Crossfire,Georgia,Europe & Central Asia
1993,Crossfire,Georgia,Europe & Central Asia
1994,Murder,Burundi,Sub-Saharan Africa
1994,N/A,Rwanda,Sub-Saharan Africa
2000,Murder,Colombia,Latin America & Caribbean
2011,Murder,El Salvador,Latin America & Caribbean
2010,Murder,Indonesia,East Asia & Pacific
2012,Murder,Syrian Arab Republic,Middle East & North Africa
1995,Murder,Algeria,Middle East & North Africa
2004,Crossfire,Iraq,Middle East & North Africa
2012,Murder,Somalia,Sub-Saharan Africa
2004,Crossfire,Iraq,Middle East & North Africa
1995,Murder,Algeria,Middle East & North Africa
2011,Crossfire,Libya,Middle East & North Africa
2005,Crossfire,Iraq,Middle East & North Africa
2006,Murder,Iraq,Middle East & North Africa
2012,N/A,Syrian Arab Republic,Middle East & North Africa
2007,N/A,Iraq,Middle East & North Africa
2013,N/A,Syrian Arab Republic,Middle East & North Africa
2016,Crossfire,Iraq,Middle East & North Africa
2007,N/A,Somalia,Sub-Saharan Africa
2014,Crossfire,Syrian Arab Republic,Middle East & North Africa
2017,Dangerous Assignment,Somalia,Sub-Saharan Africa
2016,Crossfire,Iraq,Middle East & North Africa
2018,Murder,Afghanistan,South Asia
2012,Crossfire,Lebanon,Middle East & North Africa
2007,N/A,Iraq,Middle East & North Africa
2007,Murder,Somalia,Sub-Saharan Africa
2007,Murder,Kyrgyz Republic,Europe & Central Asia
2015,Dangerous Assignment,United States,North America
2007,N/A,Haiti,Latin America & Caribbean
2005,Murder,Pakistan,South Asia
2004,N/A,Philippines,East Asia & Pacific
1996,Murder,Algeria,Middle East & North Africa
2016,Crossfire,"Yemen, Rep.",Middle East & North Africa
1994,Murder,Rwanda,Sub-Saharan Africa
1999,Murder,Sierra Leone,Sub-Saharan Africa
1997,Murder,India,South Asia
2016,N/A,Guatemala,Latin America & Caribbean
2001,N/A,Colombia,Latin America & Caribbean
2011,Dangerous Assignment,Iraq,Middle East & North Africa
2007,Murder,Mexico,Latin America & Caribbean
2002,N/A,Nepal,South Asia
2013,Crossfire,Syrian Arab Republic,Middle East & North Africa
2007,Murder,Iraq,Middle East & North Africa
1995,Murder,Algeria,Middle East & North Africa
2005,Murder,Pakistan,South Asia
2020,Crossfire,Syrian Arab Republic,Middle East & North Africa
2006,Murder,Iraq,Middle East & North Africa
2019,Crossfire,Syrian Arab Republic,Middle East & North Africa
2015,Crossfire,Syrian Arab Republic,Middle East & North Africa
2012,Crossfire,Syrian Arab Republic,Middle East & North Africa
1998,Murder,Colombia,Latin America & Caribbean
2013,Crossfire,Syrian Arab Republic,Middle East & North Africa
2016,N/A,Mexico,Latin America & Caribbean
2009,Murder,Indonesia,East Asia & Pacific
2015,Murder,Bangladesh,South Asia
2019,Crossfire,Syrian Arab Republic,Middle East & North Africa
2012,Crossfire,Syrian Arab Republic,Middle East & North Africa
1994,Murder,Rwanda,Sub-Saharan Africa
2009,Murder,Russian Federation,Europe & Central Asia
2014,Dangerous Assignment,Ukraine,Europe & Central Asia
1998,Murder,Russian Federation,Europe & Central Asia
2009,Dangerous Assignment,Madagascar,Sub-Saharan Africa
1994,Murder,Rwanda,Sub-Saharan Africa
2014,Crossfire,Ukraine,Europe & Central Asia
1994,N/A,Russian Federation,Europe & Central Asia
1993,Crossfire,Georgia,Europe & Central Asia
2014,Crossfire,Ukraine,Europe & Central Asia
2006,N/A,Philippines,East Asia & Pacific
2009,Murder,Philippines,East Asia & Pacific
1995,N/A,Russian Federation,Europe & Central Asia
2012,N/A,Honduras,Latin America & Caribbean
2018,Dangerous Assignment,Nicaragua,Latin America & Caribbean
2013,N/A,Honduras,Latin America & Caribbean
2009,Murder,India,South Asia
2014,Dangerous Assignment,Afghanistan,South Asia
2006,Murder,Russian Federation,Europe & Central Asia
1993,Murder,Somalia,Sub-Saharan Africa
2004,Dangerous Assignment,C么te d'Ivoire,Sub-Saharan Africa
2011,Crossfire,Libya,Middle East & North Africa
1996,Murder,Angola,Sub-Saharan Africa
2004,Murder,Peru,Latin America & Caribbean
2000,N/A,Georgia,Europe & Central Asia
1999,Dangerous Assignment,Sri Lanka,South Asia
2018,N/A,"Yemen, Rep.",Middle East & North Africa
2003,Murder,Philippines,East Asia & Pacific
1992,N/A,Tajikistan,Europe & Central Asia
2010,Murder,Indonesia,East Asia & Pacific
2008,N/A,Philippines,East Asia & Pacific
2007,Crossfire,Iraq,Middle East & North Africa
2012,N/A,Colombia,Latin America & Caribbean
1995,Murder,Brazil,Latin America & Caribbean
2017,Murder,Iraq,Middle East & North Africa
2006,Murder,Philippines,East Asia & Pacific
2015,Murder,Mexico,Latin America & Caribbean
2004,Murder,Philippines,East Asia & Pacific
2005,N/A,Philippines,East Asia & Pacific
2001,N/A,Colombia,Latin America & Caribbean
1994,Crossfire,Angola,Sub-Saharan Africa
2009,Murder,Philippines,East Asia & Pacific
2006,N/A,India,South Asia
2010,N/A,Nepal,South Asia
2004,Crossfire,Iraq,Middle East & North Africa
2001,N/A,Pakistan,South Asia
2011,Dangerous Assignment,Pakistan,South Asia
2008,Dangerous Assignment,India,South Asia
2004,Dangerous Assignment,India,South Asia
2004,N/A,Kazakhstan,Europe & Central Asia
2013,Dangerous Assignment,Pakistan,South Asia
2010,Crossfire,Lebanon,Middle East & North Africa
2006,Murder,Iraq,Middle East & North Africa
2014,Crossfire,Syrian Arab Republic,Middle East & North Africa
2008,Murder,Thailand,East Asia & Pacific
2006,Murder,Colombia,Latin America & Caribbean
1999,N/A,Sri Lanka,South Asia
2006,Murder,Iraq,Middle East & North Africa
2014,Murder,Myanmar,East Asia & Pacific
2012,N/A,Pakistan,South Asia
2016,N/A,Mexico,Latin America & Caribbean
2011,N/A,Brazil,Latin America & Caribbean
2015,Murder,Bangladesh,South Asia
2016,Crossfire,"Yemen, Rep.",Middle East & North Africa
2018,Dangerous Assignment,Somalia,Sub-Saharan Africa
2012,Dangerous Assignment,Syrian Arab Republic,Middle East & North Africa
2004,Crossfire,Iraq,Middle East & North Africa
1993,Murder,Turkey,Europe & Central Asia
2013,Murder,Pakistan,South Asia
2006,N/A,Iraq,Middle East & North Africa
2010,Dangerous Assignment,Pakistan,South Asia
2000,N/A,Israel,Middle East & North Africa
2020,N/A,Pakistan,South Asia
2001,Murder,Afghanistan,South Asia
1995,Murder,Algeria,Middle East & North Africa
2009,N/A,Philippines,East Asia & Pacific
1996,N/A,Nigeria,Sub-Saharan Africa
2017,N/A,Pakistan,South Asia
1995,Murder,Algeria,Middle East & North Africa
1992,N/A,India,South Asia
2004,Murder,Sri Lanka,South Asia
2006,N/A,"Congo, Dem. Rep.",Sub-Saharan Africa
2012,N/A,Syrian Arab Republic,Middle East & North Africa
2005,Murder,Serbia,Europe & Central Asia
2010,Crossfire,Somalia,Sub-Saharan Africa
2012,Crossfire,Syrian Arab Republic,Middle East & North Africa
2018,Crossfire,Syrian Arab Republic,Middle East & North Africa
2013,Murder,Iraq,Middle East & North Africa
2007,Murder,Somalia,Sub-Saharan Africa
2011,Dangerous Assignment,Syrian Arab Republic,Middle East & North Africa
2009,Crossfire,Israel,Middle East & North Africa
2012,Crossfire,Syrian Arab Republic,Middle East & North Africa
2013,Crossfire,Syrian Arab Republic,Middle East & North Africa
2015,Crossfire,Syrian Arab Republic,Middle East & North Africa
2009,Murder,Nigeria,Sub-Saharan Africa
2001,N/A,Yugoslavia,Europe & Central Asia
2008,N/A,Philippines,East Asia & Pacific
1997,Murder,Mexico,Latin America & Caribbean
2019,N/A,Philippines,East Asia & Pacific
1998,Murder,Colombia,Latin America & Caribbean
2015,Murder,France,Europe & Central Asia
2015,Murder,France,Europe & Central Asia
2013,N/A,Kenya,Sub-Saharan Africa
1993,Murder,India,South Asia
2009,Murder,Philippines,East Asia & Pacific
1993,Murder,Colombia,Latin America & Caribbean
2014,Dangerous Assignment,Syrian Arab Republic,Middle East & North Africa
2015,Crossfire,"Yemen, Rep.",Middle East & North Africa
2007,Murder,Nepal,South Asia
2009,Murder,Mexico,Latin America & Caribbean
2010,N/A,Bulgaria,Europe & Central Asia
1999,N/A,Nigeria,Sub-Saharan Africa
2003,Murder,Philippines,East Asia & Pacific
2013,N/A,Philippines,East Asia & Pacific
1997,Murder,Ukraine,Europe & Central Asia
2015,Murder,South Sudan,Sub-Saharan Africa
2006,Dangerous Assignment,Mexico,Latin America & Caribbean
1995,Murder,Algeria,Middle East & North Africa
1994,Crossfire,Bosnia and Herzegovina,Europe & Central Asia
1995,Murder,Canada,North America
2001,Murder,Haiti,Latin America & Caribbean
2009,N/A,"Congo, Rep.",Sub-Saharan Africa
2009,N/A,"Congo, Dem. Rep.",Sub-Saharan Africa
2020,N/A,Guatemala,Latin America & Caribbean
2019,N/A,Honduras,Latin America & Caribbean
2004,Crossfire,Iraq,Middle East & North Africa
2012,Murder,Ecuador,Latin America & Caribbean
1993,N/A,Rwanda,Sub-Saharan Africa
1993,Murder,South Africa,Sub-Saharan Africa
2014,Dangerous Assignment,Central African Republic,Sub-Saharan Africa
2001,Murder,Philippines,East Asia & Pacific
2017,N/A,Mexico,Latin America & Caribbean
2010,Dangerous Assignment,Mexico,Latin America & Caribbean
2013,N/A,Guatemala,Latin America & Caribbean
2000,Murder,Mozambique,Sub-Saharan Africa
2018,Murder,Mexico,Latin America & Caribbean
1993,Murder,Honduras,Latin America & Caribbean
2004,Murder,Nicaragua,Latin America & Caribbean
2000,N/A,Colombia,Latin America & Caribbean
1993,Murder,Colombia,Latin America & Caribbean
1998,N/A,Pakistan,South Asia
2009,N/A,Mexico,Latin America & Caribbean
2017,N/A,Honduras,Latin America & Caribbean
2008,Murder,Bolivia,Latin America & Caribbean
2007,Murder,Honduras,Latin America & Caribbean
2017,N/A,Honduras,Latin America & Caribbean
2007,N/A,Philippines,East Asia & Pacific
2008,Dangerous Assignment,Afghanistan,South Asia
2017,Murder,Mexico,Latin America & Caribbean
1992,Murder,Turkey,Europe & Central Asia
1992,Murder,Turkey,Europe & Central Asia
2012,N/A,India,South Asia
2008,Dangerous Assignment,Thailand,East Asia & Pacific
1994,Murder,Cambodia,East Asia & Pacific
2018,Murder,India,South Asia
2012,N/A,India,South Asia
1994,Murder,Rwanda,Sub-Saharan Africa
2011,N/A,Uganda,Sub-Saharan Africa
1994,Murder,Rwanda,Sub-Saharan Africa
2007,Murder,United States,North America
1997,Dangerous Assignment,Cambodia,East Asia & Pacific
2009,N/A,"Gambia, The",Sub-Saharan Africa
1996,N/A,Nigeria,Sub-Saharan Africa
1992,Crossfire,Azerbaijan,Europe & Central Asia
2008,Murder,Pakistan,South Asia
2003,Murder,Cambodia,East Asia & Pacific
2011,Crossfire,Libya,Middle East & North Africa
2009,Murder,El Salvador,Latin America & Caribbean
2003,Crossfire,Iraq,Middle East & North Africa
2006,Murder,Afghanistan,South Asia
2015,N/A,Burundi,Sub-Saharan Africa
2017,Crossfire,South Sudan,Sub-Saharan Africa
2012,Murder,Philippines,East Asia & Pacific
2017,Murder,Philippines,East Asia & Pacific
2001,N/A,Thailand,East Asia & Pacific
2009,Murder,Turkey,Europe & Central Asia
2013,Murder,Mali,Sub-Saharan Africa
2010,Murder,Colombia,Latin America & Caribbean
1999,Dangerous Assignment,Sierra Leone,Sub-Saharan Africa
2015,N/A,Philippines,East Asia & Pacific
2009,Murder,Philippines,East Asia & Pacific
1994,Crossfire,Russian Federation,Europe & Central Asia
2005,Murder,Libya,Middle East & North Africa
2015,Murder,South Sudan,Sub-Saharan Africa
1993,Murder,Somalia,Sub-Saharan Africa
2013,N/A,Mexico,Latin America & Caribbean
2002,Murder,Pakistan,South Asia
2015,Murder,Guatemala,Latin America & Caribbean
1992,Murder,Philippines,East Asia & Pacific
1997,Murder,Philippines,East Asia & Pacific
2017,Murder,Malta,Middle East & North Africa
1994,Crossfire,Bosnia and Herzegovina,Europe & Central Asia
2011,Murder,Panama,Latin America & Caribbean
2015,Murder,Somalia,Sub-Saharan Africa
2012,Dangerous Assignment,Tanzania,Sub-Saharan Africa
1993,Crossfire,Georgia,Europe & Central Asia
2016,Crossfire,Afghanistan,South Asia
1992,Crossfire,Bosnia and Herzegovina,Europe & Central Asia
2010,Murder,Honduras,Latin America & Caribbean
2011,N/A,Bolivia,Latin America & Caribbean
1994,N/A,Tajikistan,Europe & Central Asia
2012,Murder,Brazil,Latin America & Caribbean
1992,N/A,Chad,Sub-Saharan Africa
2004,Murder,Nepal,South Asia
2008,Murder,Philippines,East Asia & Pacific
2018,Murder,Philippines,East Asia & Pacific
2010,Murder,Philippines,East Asia & Pacific
2010,N/A,Nepal,South Asia
2004,Murder,"Gambia, The",Sub-Saharan Africa
2003,Murder,Nepal,South Asia
2016,N/A,India,South Asia
2005,Murder,Sri Lanka,South Asia
2004,Crossfire,Iraq,Middle East & North Africa
2010,N/A,Uganda,Sub-Saharan Africa
2008,N/A,"Congo, Dem. Rep.",Sub-Saharan Africa
1998,N/A,Colombia,Latin America & Caribbean
2009,N/A,Colombia,Latin America & Caribbean
2004,N/A,India,South Asia
2017,Crossfire,Syrian Arab Republic,Middle East & North Africa
2004,Murder,Iraq,Middle East & North Africa
2019,N/A,Philippines,East Asia & Pacific
1993,Murder,India,South Asia
1993,N/A,Philippines,East Asia & Pacific
2004,N/A,Bangladesh,South Asia
2015,N/A,Syrian Arab Republic,Middle East & North Africa
2015,Murder,Brazil,Latin America & Caribbean
1993,Murder,Algeria,Middle East & North Africa
1996,Murder,Algeria,Middle East & North Africa
1995,Murder,Algeria,Middle East & North Africa
1996,Murder,Algeria,Middle East & North Africa
2007,Crossfire,Iraq,Middle East & North Africa
1994,Murder,Russian Federation,Europe & Central Asia
1993,Murder,Russian Federation,Europe & Central Asia
2017,Murder,Russian Federation,Europe & Central Asia
2003,N/A,Russian Federation,Europe & Central Asia
2003,Murder,Belarus,Europe & Central Asia
2005,Murder,Mexico,Latin America & Caribbean
2002,Murder,Brazil,Latin America & Caribbean
1993,Crossfire,Bosnia and Herzegovina,Europe & Central Asia
1993,Murder,United States,North America
2005,Dangerous Assignment,Somalia,Sub-Saharan Africa
2004,Crossfire,Iraq,Middle East & North Africa
2004,Murder,Montenegro,Europe & Central Asia
2012,Dangerous Assignment,India,South Asia
2008,N/A,Iraq,Middle East & North Africa
1999,N/A,Tajikistan,Europe & Central Asia
1997,Murder,"Iran, Islamic Rep.",Middle East & North Africa
2012,N/A,Philippines,East Asia & Pacific
2019,N/A,Mexico,Latin America & Caribbean
2002,Murder,Philippines,East Asia & Pacific
2017,Murder,Mexico,Latin America & Caribbean
2019,N/A,Honduras,Latin America & Caribbean
1997,Murder,Brazil,Latin America & Caribbean
2014,Murder,Paraguay,Latin America & Caribbean
2015,N/A,Colombia,Latin America & Caribbean
2011,Murder,Brazil,Latin America & Caribbean
2013,Murder,Colombia,Latin America & Caribbean
2018,N/A,Philippines,East Asia & Pacific
2010,N/A,Nigeria,Sub-Saharan Africa
2001,Murder,Russian Federation,Europe & Central Asia
2012,Murder,Brazil,Latin America & Caribbean
2019,Murder,Philippines,East Asia & Pacific
2001,N/A,Colombia,Latin America & Caribbean
2017,N/A,Paraguay,Latin America & Caribbean
2006,N/A,Guatemala,Latin America & Caribbean
2007,Murder,Zimbabwe,Sub-Saharan Africa
1998,Crossfire,Sierra Leone,Sub-Saharan Africa
2017,N/A,Mexico,Latin America & Caribbean
2002,Murder,Colombia,Latin America & Caribbean
2008,N/A,Nigeria,Sub-Saharan Africa
2010,Dangerous Assignment,Pakistan,South Asia
2010,Dangerous Assignment,Pakistan,South Asia
2016,Dangerous Assignment,Guinea,Sub-Saharan Africa
2004,Murder,Philippines,East Asia & Pacific
2016,Murder,Mexico,Latin America & Caribbean
2009,Murder,Mexico,Latin America & Caribbean
2005,Murder,Azerbaijan,Europe & Central Asia
2004,Murder,Philippines,East Asia & Pacific
1993,Crossfire,Angola,Sub-Saharan Africa
2015,Murder,France,Europe & Central Asia
2016,N/A,Philippines,East Asia & Pacific
1993,N/A,Tajikistan,Europe & Central Asia
1994,Murder,Rwanda,Sub-Saharan Africa
2012,Murder,Nigeria,Sub-Saharan Africa
1994,N/A,Mexico,Latin America & Caribbean
2006,N/A,Mexico,Latin America & Caribbean
2004,Murder,Iraq,Middle East & North Africa
1995,Murder,Colombia,Latin America & Caribbean
2009,Murder,Philippines,East Asia & Pacific
2009,Murder,Philippines,East Asia & Pacific
2003,N/A,Kyrgyz Republic,Europe & Central Asia
1994,Murder,Turkey,Europe & Central Asia
2003,Crossfire,Indonesia,East Asia & Pacific
1994,Murder,Rwanda,Sub-Saharan Africa
1993,Murder,Colombia,Latin America & Caribbean
2015,Murder,Brazil,Latin America & Caribbean
2010,N/A,Mexico,Latin America & Caribbean
1998,Murder,"Congo, Rep.",Sub-Saharan Africa
2010,Dangerous Assignment,Thailand,East Asia & Pacific
2014,Murder,Guinea,Sub-Saharan Africa
2015,Murder,Iraq,Middle East & North Africa
2008,Crossfire,Israel,Middle East & North Africa
2005,Crossfire,Iraq,Middle East & North Africa
2001,Dangerous Assignment,Algeria,Middle East & North Africa
2015,Murder,Bangladesh,South Asia
2011,Murder,Pakistan,South Asia
2005,Murder,Iraq,Middle East & North Africa
2007,Murder,Iraq,Middle East & North Africa
2012,N/A,Syrian Arab Republic,Middle East & North Africa
1992,Murder,"Egypt, Arab Rep.",Middle East & North Africa
1994,Murder,Algeria,Middle East & North Africa
2015,Murder,Turkey,Europe & Central Asia
2011,Crossfire,Afghanistan,South Asia
2012,Murder,Somalia,Sub-Saharan Africa
1995,Crossfire,Russian Federation,Europe & Central Asia
2014,Murder,Paraguay,Latin America & Caribbean
2015,N/A,Syrian Arab Republic,Middle East & North Africa
2003,Murder,Pakistan,South Asia
2015,N/A,Guatemala,Latin America & Caribbean
2008,N/A,Mexico,Latin America & Caribbean
1996,Murder,Russian Federation,Europe & Central Asia
1995,N/A,Russian Federation,Europe & Central Asia
2001,Murder,China,East Asia & Pacific
2007,N/A,Philippines,East Asia & Pacific
1996,Murder,Philippines,East Asia & Pacific
1994,Murder,Algeria,Middle East & North Africa
1993,Murder,Turkey,Europe & Central Asia
2006,Murder,Philippines,East Asia & Pacific
2004,N/A,Philippines,East Asia & Pacific
1992,Murder,Angola,Sub-Saharan Africa
2014,N/A,Peru,Latin America & Caribbean
2009,Murder,Philippines,East Asia & Pacific
2013,Murder,Philippines,East Asia & Pacific
2011,Dangerous Assignment,Syrian Arab Republic,Middle East & North Africa
2007,Dangerous Assignment,Eritrea,Sub-Saharan Africa
2013,Crossfire,Syrian Arab Republic,Middle East & North Africa
2020,N/A,Mexico,Latin America & Caribbean
1999,Murder,Nigeria,Sub-Saharan Africa
2015,Murder,Mexico,Latin America & Caribbean
2007,Murder,Iraq,Middle East & North Africa
1992,Murder,Tajikistan,Europe & Central Asia
2015,Murder,Iraq,Middle East & North Africa
2005,Murder,Iraq,Middle East & North Africa
2014,Dangerous Assignment,Iraq,Middle East & North Africa
2001,Murder,Colombia,Latin America & Caribbean
2015,Murder,Colombia,Latin America & Caribbean
2009,Murder,Kenya,Sub-Saharan Africa
1994,Crossfire,Bosnia and Herzegovina,Europe & Central Asia
2004,Murder,Mexico,Latin America & Caribbean
1997,Murder,Colombia,Latin America & Caribbean
2010,Murder,Brazil,Latin America & Caribbean
2004,Murder,Mexico,Latin America & Caribbean
2016,N/A,Mexico,Latin America & Caribbean
1993,Murder,El Salvador,Latin America & Caribbean
2019,Murder,Mexico,Latin America & Caribbean
2005,N/A,"Congo, Dem. Rep.",Sub-Saharan Africa
1997,Murder,Colombia,Latin America & Caribbean
1996,Murder,Indonesia,East Asia & Pacific
1997,Dangerous Assignment,India,South Asia
2018,N/A,Philippines,East Asia & Pacific
1995,Murder,Colombia,Latin America & Caribbean
2009,N/A,Honduras,Latin America & Caribbean
1999,Crossfire,Yugoslavia,Europe & Central Asia
2012,N/A,Mexico,Latin America & Caribbean
1992,Murder,Lebanon,Middle East & North Africa
2008,N/A,Russian Federation,Europe & Central Asia
2011,Murder,Russian Federation,Europe & Central Asia
2017,Murder,India,South Asia
2005,Murder,Bangladesh,South Asia
2005,Murder,Lebanon,Middle East & North Africa
2011,Dangerous Assignment,Brazil,Latin America & Caribbean
2004,Murder,Philippines,East Asia & Pacific
2009,Murder,Kazakhstan,Europe & Central Asia
1992,Crossfire,Bosnia and Herzegovina,Europe & Central Asia
2015,Murder,Ghana,Sub-Saharan Africa
2005,N/A,Philippines,East Asia & Pacific
2006,Murder,Philippines,East Asia & Pacific
2015,Murder,France,Europe & Central Asia
2008,N/A,Bulgaria,Europe & Central Asia
1998,Crossfire,Georgia,Europe & Central Asia
2000,Murder,Ukraine,Europe & Central Asia
2001,Murder,Georgia,Europe & Central Asia
2018,Murder,United States,North America
2000,N/A,Haiti,Latin America & Caribbean
1997,Murder,Colombia,Latin America & Caribbean
2015,Murder,Brazil,Latin America & Caribbean
2007,N/A,Mexico,Latin America & Caribbean
2011,Murder,Philippines,East Asia & Pacific
2010,Dangerous Assignment,Cameroon,Sub-Saharan Africa
2014,Crossfire,"Congo, Dem. Rep.",Sub-Saharan Africa
2003,N/A,Honduras,Latin America & Caribbean
2013,Crossfire,Syrian Arab Republic,Middle East & North Africa
2004,Crossfire,Iraq,Middle East & North Africa
2018,Murder,Afghanistan,South Asia
2012,N/A,Iraq,Middle East & North Africa
2013,Murder,Mali,Sub-Saharan Africa
1994,Murder,India,South Asia
2014,Murder,Pakistan,South Asia
2010,Murder,Pakistan,South Asia
1996,Murder,India,South Asia
1994,Murder,Rwanda,Sub-Saharan Africa
2012,Dangerous Assignment,Syrian Arab Republic,Middle East & North Africa
2002,N/A,Colombia,Latin America & Caribbean
2009,Murder,Philippines,East Asia & Pacific
2015,Murder,Brazil,Latin America & Caribbean
1992,N/A,Philippines,East Asia & Pacific
2009,N/A,Philippines,East Asia & Pacific
2006,N/A,Nigeria,Sub-Saharan Africa
2012,N/A,Bangladesh,South Asia
1994,Murder,Rwanda,Sub-Saharan Africa
1992,Murder,Philippines,East Asia & Pacific
2014,Murder,Mexico,Latin America & Caribbean
2004,Murder,Mexico,Latin America & Caribbean
2015,N/A,Philippines,East Asia & Pacific
2008,Crossfire,Georgia,Europe & Central Asia
1993,Crossfire,Bosnia and Herzegovina,Europe & Central Asia
2015,Dangerous Assignment,France,Europe & Central Asia
2003,Murder,Colombia,Latin America & Caribbean
2000,N/A,Colombia,Latin America & Caribbean
2012,N/A,Mexico,Latin America & Caribbean
2012,Dangerous Assignment,Colombia,Latin America & Caribbean
2001,Murder,Latvia,Europe & Central Asia
2000,Murder,Colombia,Latin America & Caribbean
2006,Murder,Colombia,Latin America & Caribbean
1999,Murder,Colombia,Latin America & Caribbean
2003,Murder,Nepal,South Asia
2013,Crossfire,"Egypt, Arab Rep.",Middle East & North Africa
2017,Dangerous Assignment,Afghanistan,South Asia
2011,Murder,Iraq,Middle East & North Africa
2006,N/A,Iraq,Middle East & North Africa
1992,Murder,Turkey,Europe & Central Asia
2008,Murder,Iraq,Middle East & North Africa
2012,N/A,Syrian Arab Republic,Middle East & North Africa
2009,Crossfire,Iraq,Middle East & North Africa
2013,N/A,Pakistan,South Asia
1992,Murder,Turkey,Europe & Central Asia
2017,N/A,Turkey,Europe & Central Asia
2007,Murder,Iraq,Middle East & North Africa
2007,Murder,Iraq,Middle East & North Africa
1995,Murder,Algeria,Middle East & North Africa
2018,Murder,Syrian Arab Republic,Middle East & North Africa
2014,N/A,Syrian Arab Republic,Middle East & North Africa
2012,Murder,Cambodia,East Asia & Pacific
2009,Murder,Philippines,East Asia & Pacific
1993,Murder,Somalia,Sub-Saharan Africa
2017,Crossfire,Iraq,Middle East & North Africa
2009,N/A,Colombia,Latin America & Caribbean
2001,Murder,Afghanistan,South Asia
2005,Murder,Sierra Leone,Sub-Saharan Africa
2002,Murder,Bangladesh,South Asia
2016,Crossfire,"Yemen, Rep.",Middle East & North Africa
2016,Murder,Iraq,Middle East & North Africa
2011,Dangerous Assignment,"Yemen, Rep.",Middle East & North Africa
1994,Murder,Algeria,Middle East & North Africa
2008,Dangerous Assignment,Somalia,Sub-Saharan Africa
2009,Murder,Somalia,Sub-Saharan Africa
2012,Murder,Somalia,Sub-Saharan Africa
2012,Murder,Somalia,Sub-Saharan Africa
2009,Crossfire,Somalia,Sub-Saharan Africa
2012,N/A,Syrian Arab Republic,Middle East & North Africa
2017,Crossfire,Syrian Arab Republic,Middle East & North Africa
2006,Murder,Pakistan,South Asia
2004,Crossfire,Iraq,Middle East & North Africa
2011,N/A,Honduras,Latin America & Caribbean
2018,N/A,Mexico,Latin America & Caribbean
2003,Dangerous Assignment,Guatemala,Latin America & Caribbean
2002,Crossfire,Colombia,Latin America & Caribbean
1992,N/A,Sudan,Sub-Saharan Africa
2010,N/A,India,South Asia
2015,N/A,India,South Asia
2009,Murder,Philippines,East Asia & Pacific
2010,N/A,Honduras,Latin America & Caribbean
2004,N/A,Ukraine,Europe & Central Asia
2001,N/A,Colombia,Latin America & Caribbean
2006,Murder,Indonesia,East Asia & Pacific
2016,N/A,Peru,Latin America & Caribbean
1997,N/A,Guatemala,Latin America & Caribbean
1999,Murder,Colombia,Latin America & Caribbean
2007,N/A,Philippines,East Asia & Pacific
2004,Murder,Philippines,East Asia & Pacific
2001,N/A,Kuwait,Middle East & North Africa
2011,N/A,Iraq,Middle East & North Africa
2005,Murder,Iraq,Middle East & North Africa
2015,Murder,Somalia,Sub-Saharan Africa
2010,Dangerous Assignment,Thailand,East Asia & Pacific
2019,Dangerous Assignment,Iraq,Middle East & North Africa
2008,N/A,Iraq,Middle East & North Africa
1993,Murder,Somalia,Sub-Saharan Africa
2012,Crossfire,Syrian Arab Republic,Middle East & North Africa
2007,Murder,Turkey,Europe & Central Asia
2010,N/A,Mexico,Latin America & Caribbean
2015,Crossfire,Syrian Arab Republic,Middle East & North Africa
2004,Murder,Bangladesh,South Asia
2011,N/A,Mexico,Latin America & Caribbean
2019,N/A,Zambia,Sub-Saharan Africa
1992,Murder,Turkey,Europe & Central Asia
2017,Dangerous Assignment,Afghanistan,South Asia
2012,Crossfire,Israel,Middle East & North Africa
2005,Murder,Iraq,Middle East & North Africa
2007,N/A,Iraq,Middle East & North Africa
2007,Murder,Iraq,Middle East & North Africa
2006,Murder,Iraq,Middle East & North Africa
1995,N/A,Uganda,Sub-Saharan Africa
2009,Murder,Philippines,East Asia & Pacific
2015,Murder,Turkey,Europe & Central Asia
2018,Murder,Syrian Arab Republic,Middle East & North Africa
2011,N/A,Sierra Leone,Sub-Saharan Africa
1993,Dangerous Assignment,Bosnia and Herzegovina,Europe & Central Asia
2016,Crossfire,Syrian Arab Republic,Middle East & North Africa
2018,N/A,Sierra Leone,Sub-Saharan Africa
2006,Murder,Iraq,Middle East & North Africa
1994,N/A,Rwanda,Sub-Saharan Africa
2017,N/A,Honduras,Latin America & Caribbean
2001,Murder,Ukraine,Europe & Central Asia
1993,Dangerous Assignment,Russian Federation,Europe & Central Asia
2000,Murder,Russian Federation,Europe & Central Asia
1996,Murder,Ukraine,Europe & Central Asia
2014,Crossfire,Ukraine,Europe & Central Asia
2008,Murder,Iraq,Middle East & North Africa
2012,Murder,Syrian Arab Republic,Middle East & North Africa
2014,N/A,Pakistan,South Asia
2017,N/A,Nigeria,Sub-Saharan Africa
2013,N/A,Nigeria,Sub-Saharan Africa
1999,Crossfire,Lebanon,Middle East & North Africa
1994,Murder,Somalia,Sub-Saharan Africa
2006,N/A,Russian Federation,Europe & Central Asia
2011,N/A,Pakistan,South Asia
2008,N/A,Russian Federation,Europe & Central Asia
2002,Crossfire,Israel,Middle East & North Africa
2013,Dangerous Assignment,Pakistan,South Asia
1999,Dangerous Assignment,Sri Lanka,South Asia
2003,N/A,India,South Asia
1999,N/A,India,South Asia
2014,Murder,Pakistan,South Asia
2016,N/A,South Sudan,Sub-Saharan Africa
1998,N/A,Peru,Latin America & Caribbean
2012,N/A,South Sudan,Sub-Saharan Africa
2007,Crossfire,Sri Lanka,South Asia
1997,Crossfire,Sierra Leone,Sub-Saharan Africa
2000,N/A,Russian Federation,Europe & Central Asia
1992,Murder,Colombia,Latin America & Caribbean
2009,N/A,Philippines,East Asia & Pacific
2006,Murder,Iraq,Middle East & North Africa
2015,Murder,Brazil,Latin America & Caribbean
1996,N/A,Guatemala,Latin America & Caribbean
2010,N/A,Honduras,Latin America & Caribbean
2013,N/A,Tanzania,Sub-Saharan Africa
2013,Crossfire,Syrian Arab Republic,Middle East & North Africa
2002,Dangerous Assignment,Israel,Middle East & North Africa
2015,Murder,Brazil,Latin America & Caribbean
1995,Murder,Colombia,Latin America & Caribbean
1998,N/A,Russian Federation,Europe & Central Asia
2007,Murder,Russian Federation,Europe & Central Asia
2015,N/A,Brazil,Latin America & Caribbean
2008,Murder,Croatia,Europe & Central Asia
1992,Crossfire,Bosnia and Herzegovina,Europe & Central Asia
1992,Dangerous Assignment,Turkey,Europe & Central Asia
2016,N/A,United States,North America
2005,N/A,Haiti,Latin America & Caribbean
1997,Dangerous Assignment,India,South Asia
2008,N/A,Nepal,South Asia
2015,Murder,India,South Asia
2008,N/A,India,South Asia
2006,N/A,Mexico,Latin America & Caribbean
1999,Murder,Colombia,Latin America & Caribbean
2013,N/A,Mexico,Latin America & Caribbean
2003,Murder,Colombia,Latin America & Caribbean
1997,Murder,Colombia,Latin America & Caribbean
2018,Murder,Brazil,Latin America & Caribbean
2015,Murder,Iraq,Middle East & North Africa
2013,Murder,Iraq,Middle East & North Africa
2011,Dangerous Assignment,"Yemen, Rep.",Middle East & North Africa
2007,Murder,Iraq,Middle East & North Africa
2015,Crossfire,Syrian Arab Republic,Middle East & North Africa
2018,Murder,Saudi Arabia,Middle East & North Africa
2012,Murder,Bangladesh,South Asia
2006,Crossfire,Iraq,Middle East & North Africa
2000,N/A,United States,North America
2014,Murder,Syrian Arab Republic,Middle East & North Africa
2003,Crossfire,Israel,Middle East & North Africa
1999,Murder,Sierra Leone,Sub-Saharan Africa
2010,Crossfire,Afghanistan,South Asia
2010,N/A,Nepal,South Asia
1992,Murder,Tajikistan,Europe & Central Asia
2018,Murder,Slovak Republic,Europe & Central Asia
2009,Murder,Pakistan,South Asia
2008,Murder,Thailand,East Asia & Pacific
2008,Murder,Iraq,Middle East & North Africa
2008,Dangerous Assignment,India,South Asia
2007,Dangerous Assignment,Pakistan,South Asia
2011,Murder,Pakistan,South Asia
2007,N/A,Colombia,Latin America & Caribbean
2018,N/A,Mexico,Latin America & Caribbean
2017,Murder,Mexico,Latin America & Caribbean
2007,N/A,Iraq,Middle East & North Africa
2009,N/A,Afghanistan,South Asia
2015,Murder,France,Europe & Central Asia
2003,Murder,C么te d'Ivoire,Sub-Saharan Africa
2000,Murder,Haiti,Latin America & Caribbean
2009,N/A,Mexico,Latin America & Caribbean
1993,Crossfire,Somalia,Sub-Saharan Africa
2010,Murder,Rwanda,Sub-Saharan Africa
2007,Murder,Haiti,Latin America & Caribbean
1994,N/A,Rwanda,Sub-Saharan Africa
2018,Murder,Brazil,Latin America & Caribbean
1999,Murder,Sierra Leone,Sub-Saharan Africa
2009,Murder,Philippines,East Asia & Pacific
2003,Crossfire,Iraq,Middle East & North Africa
2005,Murder,Iraq,Middle East & North Africa
2016,Crossfire,Libya,Middle East & North Africa
1994,Murder,Colombia,Latin America & Caribbean
2013,N/A,Philippines,East Asia & Pacific
1997,Murder,Mexico,Latin America & Caribbean
2016,N/A,Mexico,Latin America & Caribbean
2018,N/A,Mexico,Latin America & Caribbean
2019,N/A,Mexico,Latin America & Caribbean
2006,N/A,"Venezuela, RB",Latin America & Caribbean
2009,Murder,Philippines,East Asia & Pacific
1999,N/A,United Kingdom,Europe & Central Asia
2002,Dangerous Assignment,Uganda,Sub-Saharan Africa
2013,N/A,India,South Asia
1994,Murder,Brazil,Latin America & Caribbean
2016,Murder,Brazil,Latin America & Caribbean
2016,N/A,Brazil,Latin America & Caribbean
2017,Murder,Philippines,East Asia & Pacific
2013,Murder,Philippines,East Asia & Pacific
1995,Crossfire,Russian Federation,Europe & Central Asia
2009,Murder,Philippines,East Asia & Pacific
2018,Murder,Philippines,East Asia & Pacific
2001,Crossfire,Afghanistan,South Asia
2009,Murder,Philippines,East Asia & Pacific
2015,Murder,Kenya,Sub-Saharan Africa
2018,Murder,United States,North America
1995,Crossfire,Croatia,Europe & Central Asia
2009,Dangerous Assignment,Philippines,East Asia & Pacific
2009,Murder,Philippines,East Asia & Pacific
2015,Crossfire,Syrian Arab Republic,Middle East & North Africa
1992,Crossfire,Bosnia and Herzegovina,Europe & Central Asia
2006,Murder,"Venezuela, RB",Latin America & Caribbean
2010,N/A,Honduras,Latin America & Caribbean
2019,Murder,Mexico,Latin America & Caribbean
2001,Murder,Colombia,Latin America & Caribbean
2002,Dangerous Assignment,"Venezuela, RB",Latin America & Caribbean
2004,N/A,Brazil,Latin America & Caribbean
1997,Murder,Guatemala,Latin America & Caribbean
1994,Murder,Mexico,Latin America & Caribbean
2008,N/A,Guatemala,Latin America & Caribbean
2001,Murder,Guatemala,Latin America & Caribbean
2010,N/A,Mexico,Latin America & Caribbean
2014,N/A,Mexico,Latin America & Caribbean
1998,N/A,Colombia,Latin America & Caribbean
2011,Murder,Dominican Republic,Latin America & Caribbean
2009,N/A,Mexico,Latin America & Caribbean
1998,N/A,Peru,Latin America & Caribbean
2019,N/A,Honduras,Latin America & Caribbean
2008,Murder,Mexico,Latin America & Caribbean
1998,N/A,Colombia,Latin America & Caribbean
2010,N/A,Honduras,Latin America & Caribbean
2015,N/A,Philippines,East Asia & Pacific
2005,Murder,Brazil,Latin America & Caribbean
2004,Murder,Brazil,Latin America & Caribbean
1998,Murder,Brazil,Latin America & Caribbean
2003,Crossfire,Iraq,Middle East & North Africa
2001,Murder,Colombia,Latin America & Caribbean
2002,N/A,Colombia,Latin America & Caribbean
2003,Murder,Colombia,Latin America & Caribbean
2009,N/A,Mexico,Latin America & Caribbean
2009,Murder,Colombia,Latin America & Caribbean
2009,N/A,Brazil,Latin America & Caribbean
2018,N/A,Mexico,Latin America & Caribbean
1997,Murder,Argentina,Latin America & Caribbean
2006,N/A,Ecuador,Latin America & Caribbean
2000,Murder,Spain,Europe & Central Asia
2001,Murder,Mexico,Latin America & Caribbean
1994,N/A,Mexico,Latin America & Caribbean
2010,N/A,Mexico,Latin America & Caribbean
1993,Murder,Angola,Sub-Saharan Africa
2006,N/A,Mexico,Latin America & Caribbean
1993,Murder,Angola,Sub-Saharan Africa
2015,Murder,Mexico,Latin America & Caribbean
2011,N/A,Peru,Latin America & Caribbean
2000,N/A,Mexico,Latin America & Caribbean
2013,Murder,Brazil,Latin America & Caribbean
2010,Murder,Philippines,East Asia & Pacific
2010,Murder,Honduras,Latin America & Caribbean
2001,N/A,Philippines,East Asia & Pacific
2003,Murder,Philippines,East Asia & Pacific
2000,Murder,Colombia,Latin America & Caribbean
2013,N/A,Honduras,Latin America & Caribbean
2003,Crossfire,Colombia,Latin America & Caribbean
2001,Dangerous Assignment,Bolivia,Latin America & Caribbean
2018,N/A,Mexico,Latin America & Caribbean
1995,Murder,Dominican Republic,Latin America & Caribbean
2009,N/A,Mexico,Latin America & Caribbean
2004,Murder,Dominican Republic,Latin America & Caribbean
2010,N/A,Mexico,Latin America & Caribbean
2018,Murder,Colombia,Latin America & Caribbean
1996,N/A,Guatemala,Latin America & Caribbean
2015,N/A,Mexico,Latin America & Caribbean
2003,Crossfire,Iraq,Middle East & North Africa
2005,Dangerous Assignment,Ecuador,Latin America & Caribbean
2011,N/A,Peru,Latin America & Caribbean
2000,Murder,Uruguay,Latin America & Caribbean
2001,Murder,Afghanistan,South Asia
2005,Murder,Colombia,Latin America & Caribbean
2012,N/A,Philippines,East Asia & Pacific
2011,Murder,India,South Asia
2004,Murder,Bangladesh,South Asia
2006,Crossfire,Iraq,Middle East & North Africa
2018,Crossfire,Syrian Arab Republic,Middle East & North Africa
2012,N/A,Iraq,Middle East & North Africa
2004,Murder,Iraq,Middle East & North Africa
2017,Crossfire,Syrian Arab Republic,Middle East & North Africa
2006,Murder,Afghanistan,South Asia
2011,Dangerous Assignment,Bahrain,Middle East & North Africa
1993,Murder,Bosnia and Herzegovina,Europe & Central Asia
2016,Murder,India,South Asia
2001,Murder,Thailand,East Asia & Pacific
2005,Murder,Somalia,Sub-Saharan Africa
2019,N/A,India,South Asia
2003,Crossfire,Iraq,Middle East & North Africa
2013,Murder,Iraq,Middle East & North Africa
2012,Murder,Russian Federation,Europe & Central Asia
1993,Murder,Turkey,Europe & Central Asia
1994,Crossfire,South Africa,Sub-Saharan Africa
2015,Murder,Syrian Arab Republic,Middle East & North Africa
2007,Dangerous Assignment,Myanmar,East Asia & Pacific
2001,Crossfire,Yugoslavia,Europe & Central Asia
1995,Murder,Algeria,Middle East & North Africa
2008,N/A,Pakistan,South Asia
2014,Dangerous Assignment,Iraq,Middle East & North Africa
2005,Murder,Iraq,Middle East & North Africa
2017,Crossfire,Syrian Arab Republic,Middle East & North Africa
2015,Dangerous Assignment,"Yemen, Rep.",Middle East & North Africa
2016,Crossfire,Libya,Middle East & North Africa
2016,Murder,Syrian Arab Republic,Middle East & North Africa
2007,Crossfire,Iraq,Middle East & North Africa
2006,Murder,Iraq,Middle East & North Africa
2014,Crossfire,Israel,Middle East & North Africa
2014,Crossfire,Iraq,Middle East & North Africa
2007,Murder,Iraq,Middle East & North Africa
2007,Murder,Iraq,Middle East & North Africa
1994,N/A,Tajikistan,Europe & Central Asia
2008,Murder,Cambodia,East Asia & Pacific
1992,Murder,Tajikistan,Europe & Central Asia
1994,Murder,Tajikistan,Europe & Central Asia
2017,Dangerous Assignment,Denmark,Europe & Central Asia
2018,Dangerous Assignment,Central African Republic,Sub-Saharan Africa
2016,N/A,India,South Asia
1993,N/A,Tajikistan,Europe & Central Asia
1992,Murder,Bosnia and Herzegovina,Europe & Central Asia
1992,N/A,Chad,Sub-Saharan Africa
2005,Murder,Philippines,East Asia & Pacific
2003,N/A,C么te d'Ivoire,Sub-Saharan Africa
2004,Crossfire,Iraq,Middle East & North Africa
2002,N/A,Nepal,South Asia
1992,Murder,Bosnia and Herzegovina,Europe & Central Asia
2000,Crossfire,Sierra Leone,Sub-Saharan Africa
1996,Murder,Cyprus,Europe & Central Asia
1994,N/A,"Egypt, Arab Rep.",Middle East & North Africa
1992,N/A,Philippines,East Asia & Pacific
1994,Murder,Algeria,Middle East & North Africa
2006,Murder,Iraq,Middle East & North Africa
2010,N/A,Pakistan,South Asia
2007,N/A,China,East Asia & Pacific
2004,Dangerous Assignment,Sri Lanka,South Asia
1998,Murder,Russian Federation,Europe & Central Asia
1999,N/A,Guatemala,Latin America & Caribbean
2016,Murder,Philippines,East Asia & Pacific
2009,Murder,Sri Lanka,South Asia
2018,N/A,Guatemala,Latin America & Caribbean
1993,N/A,"Congo, Rep.",Sub-Saharan Africa
2012,Crossfire,Syrian Arab Republic,Middle East & North Africa
2006,Crossfire,Lebanon,Middle East & North Africa
2011,N/A,Vietnam,East Asia & Pacific
2009,Murder,Philippines,East Asia & Pacific
2012,Dangerous Assignment,Indonesia,East Asia & Pacific
2008,N/A,Philippines,East Asia & Pacific
2018,Murder,Mexico,Latin America & Caribbean
2017,N/A,Philippines,East Asia & Pacific
2019,Murder,Honduras,Latin America & Caribbean
2017,N/A,Dominican Republic,Latin America & Caribbean
2018,Murder,Mexico,Latin America & Caribbean
2014,Crossfire,Iraq,Middle East & North Africa
2011,N/A,China,East Asia & Pacific
2013,Murder,Somalia,Sub-Saharan Africa
2012,Murder,Somalia,Sub-Saharan Africa
2019,N/A,Colombia,Latin America & Caribbean
2009,Murder,Philippines,East Asia & Pacific
2004,N/A,Iraq,Middle East & North Africa
1994,Murder,Iraq,Middle East & North Africa
2013,Crossfire,Syrian Arab Republic,Middle East & North Africa
1997,N/A,El Salvador,Latin America & Caribbean
2017,Crossfire,Iraq,Middle East & North Africa
2020,Murder,Paraguay,Latin America & Caribbean
2011,Dangerous Assignment,Tunisia,Middle East & North Africa
2016,N/A,Brazil,Latin America & Caribbean
2011,Murder,Brazil,Latin America & Caribbean
1999,N/A,Colombia,Latin America & Caribbean
2015,Murder,Colombia,Latin America & Caribbean
2010,N/A,Honduras,Latin America & Caribbean
2014,N/A,Colombia,Latin America & Caribbean
2010,Murder,Mexico,Latin America & Caribbean
2013,N/A,Peru,Latin America & Caribbean
2013,N/A,Guatemala,Latin America & Caribbean
2003,Murder,Colombia,Latin America & Caribbean
2011,N/A,Colombia,Latin America & Caribbean
2011,Murder,Mexico,Latin America & Caribbean
2011,N/A,Honduras,Latin America & Caribbean
2017,Murder,Brazil,Latin America & Caribbean
2017,N/A,Dominican Republic,Latin America & Caribbean
1998,Murder,Mexico,Latin America & Caribbean
1997,N/A,Guatemala,Latin America & Caribbean
2003,Murder,Brazil,Latin America & Caribbean
2007,Murder,Brazil,Latin America & Caribbean
2014,Murder,"Yemen, Rep.",Middle East & North Africa
2006,Murder,Iraq,Middle East & North Africa
2011,N/A,Honduras,Latin America & Caribbean
2019,Dangerous Assignment,United Kingdom,Europe & Central Asia
2015,Murder,Poland,Europe & Central Asia
1992,Murder,India,South Asia
1999,Murder,Sierra Leone,Sub-Saharan Africa
1994,Murder,Algeria,Middle East & North Africa
2013,Murder,Brazil,Latin America & Caribbean
2008,Murder,Russian Federation,Europe & Central Asia
2005,Murder,Russian Federation,Europe & Central Asia
2005,Crossfire,Iraq,Middle East & North Africa
2007,Murder,Somalia,Sub-Saharan Africa
2016,Crossfire,Somalia,Sub-Saharan Africa
2012,Murder,Somalia,Sub-Saharan Africa
2018,Murder,Afghanistan,South Asia
2005,Dangerous Assignment,Nepal,South Asia
2012,Crossfire,Israel,Middle East & North Africa
2004,Crossfire,Iraq,Middle East & North Africa
2007,N/A,Iraq,Middle East & North Africa
2013,Crossfire,Syrian Arab Republic,Middle East & North Africa
1998,Murder,Afghanistan,South Asia
2006,Crossfire,Iraq,Middle East & North Africa
2014,Crossfire,Syrian Arab Republic,Middle East & North Africa
2007,Murder,Iraq,Middle East & North Africa
2016,Crossfire,Syrian Arab Republic,Middle East & North Africa
1998,N/A,"Iran, Islamic Rep.",Middle East & North Africa
2018,N/A,Russian Federation,Europe & Central Asia
2006,Murder,Russian Federation,Europe & Central Asia
2010,Crossfire,Pakistan,South Asia
2013,N/A,Pakistan,South Asia
1995,Murder,Algeria,Middle East & North Africa
2004,Murder,Bangladesh,South Asia
1998,Murder,Brazil,Latin America & Caribbean
1992,Murder,United States,North America
2010,N/A,Honduras,Latin America & Caribbean
1993,Murder,Colombia,Latin America & Caribbean
2016,N/A,Mexico,Latin America & Caribbean
2001,Crossfire,Afghanistan,South Asia
2016,N/A,"Congo, Dem. Rep.",Sub-Saharan Africa
1994,Murder,Rwanda,Sub-Saharan Africa
1995,Murder,Somalia,Sub-Saharan Africa
2012,N/A,Mexico,Latin America & Caribbean
2002,N/A,Colombia,Latin America & Caribbean
2009,N/A,Guatemala,Latin America & Caribbean
2010,N/A,Mexico,Latin America & Caribbean
2003,N/A,Gabon,Sub-Saharan Africa
1994,Crossfire,Bosnia and Herzegovina,Europe & Central Asia
1995,Murder,Brazil,Latin America & Caribbean
2014,Murder,Brazil,Latin America & Caribbean
2016,Murder,Mexico,Latin America & Caribbean
1993,Murder,Peru,Latin America & Caribbean
2017,Dangerous Assignment,Colombia,Latin America & Caribbean
2000,N/A,Colombia,Latin America & Caribbean
2011,Murder,Mexico,Latin America & Caribbean
2010,N/A,Mexico,Latin America & Caribbean
2001,Murder,Afghanistan,South Asia
2004,Murder,Nicaragua,Latin America & Caribbean
2011,N/A,Philippines,East Asia & Pacific
1993,Dangerous Assignment,"Venezuela, RB",Latin America & Caribbean
2006,Murder,Philippines,East Asia & Pacific
2012,Murder,Syrian Arab Republic,Middle East & North Africa
2009,Murder,Philippines,East Asia & Pacific
1993,N/A,Argentina,Latin America & Caribbean
2001,N/A,Brazil,Latin America & Caribbean
2018,Murder,Mexico,Latin America & Caribbean
2002,N/A,Colombia,Latin America & Caribbean
2012,Murder,Brazil,Latin America & Caribbean
2007,N/A,Guatemala,Latin America & Caribbean
2013,Murder,Philippines,East Asia & Pacific
2013,N/A,Philippines,East Asia & Pacific
2000,N/A,Colombia,Latin America & Caribbean
2009,Murder,Philippines,East Asia & Pacific
2009,Murder,Philippines,East Asia & Pacific
2005,Murder,Philippines,East Asia & Pacific
2006,Murder,Somalia,Sub-Saharan Africa
1994,N/A,Colombia,Latin America & Caribbean
2004,Murder,Colombia,Latin America & Caribbean
2001,Murder,United Kingdom,Europe & Central Asia
2008,Murder,Philippines,East Asia & Pacific
2014,N/A,Syrian Arab Republic,Middle East & North Africa
2015,N/A,Bangladesh,South Asia
1999,N/A,Angola,Sub-Saharan Africa
2008,N/A,Mexico,Latin America & Caribbean
2019,N/A,Colombia,Latin America & Caribbean
2015,N/A,Philippines,East Asia & Pacific
2004,N/A,"Venezuela, RB",Latin America & Caribbean
1995,N/A,Russian Federation,Europe & Central Asia
2017,Murder,Mexico,Latin America & Caribbean
2020,N/A,Nigeria,Sub-Saharan Africa
2012,Crossfire,Syrian Arab Republic,Middle East & North Africa
2014,Crossfire,"Egypt, Arab Rep.",Middle East & North Africa
2004,Crossfire,Iraq,Middle East & North Africa
2003,Crossfire,Iraq,Middle East & North Africa
2010,N/A,Iraq,Middle East & North Africa
2012,Crossfire,Syrian Arab Republic,Middle East & North Africa
1992,N/A,Turkey,Europe & Central Asia
2007,Dangerous Assignment,Pakistan,South Asia
2012,N/A,Bangladesh,South Asia
2010,N/A,Pakistan,South Asia
2013,N/A,Pakistan,South Asia
2016,Dangerous Assignment,Pakistan,South Asia
1995,Murder,Algeria,Middle East & North Africa
2015,N/A,Philippines,East Asia & Pacific
2011,N/A,Paraguay,Latin America & Caribbean
2010,N/A,Turkey,Europe & Central Asia
1996,Murder,Turkey,Europe & Central Asia
2003,Crossfire,Iraq,Middle East & North Africa
1997,Murder,Cambodia,East Asia & Pacific
2014,Murder,South Africa,Sub-Saharan Africa
2009,Crossfire,Afghanistan,South Asia
2013,Dangerous Assignment,"Egypt, Arab Rep.",Middle East & North Africa
2011,N/A,Mexico,Latin America & Caribbean
2008,N/A,Mexico,Latin America & Caribbean
2010,N/A,Philippines,East Asia & Pacific
2000,Crossfire,Sierra Leone,Sub-Saharan Africa
2007,Murder,Peru,Latin America & Caribbean
2012,Crossfire,Syrian Arab Republic,Middle East & North Africa
2013,Murder,Russian Federation,Europe & Central Asia
2001,Murder,Yugoslavia,Europe & Central Asia
1993,N/A,Bosnia and Herzegovina,Europe & Central Asia
2006,N/A,Colombia,Latin America & Caribbean
2000,Murder,Bangladesh,South Asia
1994,Murder,Somalia,Sub-Saharan Africa
2017,Murder,Mexico,Latin America & Caribbean
1994,Murder,Afghanistan,South Asia
2013,Dangerous Assignment,Pakistan,South Asia
2011,N/A,Mexico,Latin America & Caribbean
2006,N/A,Mexico,Latin America & Caribbean
2010,Murder,Pakistan,South Asia
2003,N/A,Indonesia,East Asia & Pacific
2017,Crossfire,Syrian Arab Republic,Middle East & North Africa
2013,N/A,Syrian Arab Republic,Middle East & North Africa
1995,Murder,Algeria,Middle East & North Africa
2004,Crossfire,Israel,Middle East & North Africa
2013,Crossfire,Syrian Arab Republic,Middle East & North Africa
2011,Dangerous Assignment,Iraq,Middle East & North Africa
2012,Crossfire,Syrian Arab Republic,Middle East & North Africa
2013,Crossfire,Syrian Arab Republic,Middle East & North Africa
2009,Crossfire,Somalia,Sub-Saharan Africa
2019,Crossfire,Libya,Middle East & North Africa
1996,Murder,Algeria,Middle East & North Africa
1996,Murder,Algeria,Middle East & North Africa
2017,N/A,Somalia,Sub-Saharan Africa
2013,Murder,Somalia,Sub-Saharan Africa
2014,Murder,Somalia,Sub-Saharan Africa
1994,Murder,Algeria,Middle East & North Africa
1994,Murder,Algeria,Middle East & North Africa
1996,Murder,Algeria,Middle East & North Africa
2013,Murder,Somalia,Sub-Saharan Africa
2012,Murder,Somalia,Sub-Saharan Africa
2012,Crossfire,Syrian Arab Republic,Middle East & North Africa
2013,Crossfire,Syrian Arab Republic,Middle East & North Africa
2019,Dangerous Assignment,Somalia,Sub-Saharan Africa
1994,Murder,Algeria,Middle East & North Africa
2015,Crossfire,"Yemen, Rep.",Middle East & North Africa
2014,Crossfire,Syrian Arab Republic,Middle East & North Africa
2013,Crossfire,Syrian Arab Republic,Middle East & North Africa
2006,Murder,Iraq,Middle East & North Africa
2018,Crossfire,"Yemen, Rep.",Middle East & North Africa
2007,Murder,Iraq,Middle East & North Africa
2009,Dangerous Assignment,Pakistan,South Asia
2006,N/A,Pakistan,South Asia
2017,N/A,Syrian Arab Republic,Middle East & North Africa
2016,Murder,Afghanistan,South Asia
1996,Dangerous Assignment,Bangladesh,South Asia
2013,Murder,Syrian Arab Republic,Middle East & North Africa
2018,Crossfire,Afghanistan,South Asia
1994,Murder,Pakistan,South Asia
2012,Crossfire,Syrian Arab Republic,Middle East & North Africa
2001,N/A,Philippines,East Asia & Pacific
2016,N/A,Afghanistan,South Asia
2007,Crossfire,Somalia,Sub-Saharan Africa
2015,Crossfire,Syrian Arab Republic,Middle East & North Africa
2012,Crossfire,Syrian Arab Republic,Middle East & North Africa
2011,Crossfire,Libya,Middle East & North Africa
2014,Crossfire,Syrian Arab Republic,Middle East & North Africa
2016,Murder,Syrian Arab Republic,Middle East & North Africa
2016,Crossfire,"Yemen, Rep.",Middle East & North Africa
2013,Murder,Iraq,Middle East & North Africa
2005,Murder,Iraq,Middle East & North Africa
1994,Murder,Bosnia and Herzegovina,Europe & Central Asia
2019,Crossfire,Syrian Arab Republic,Middle East & North Africa
2008,Murder,Pakistan,South Asia
1999,Murder,Sierra Leone,Sub-Saharan Africa
2013,Murder,Iraq,Middle East & North Africa
2008,Murder,India,South Asia
1994,Murder,Pakistan,South Asia
2016,Crossfire,Syrian Arab Republic,Middle East & North Africa
2006,Murder,Sudan,Sub-Saharan Africa
2016,N/A,Iraq,Middle East & North Africa
2009,Crossfire,Somalia,Sub-Saharan Africa
2007,Murder,Iraq,Middle East & North Africa
2008,Murder,Iraq,Middle East & North Africa
2016,Crossfire,Syrian Arab Republic,Middle East & North Africa
1995,Murder,Tajikistan,Europe & Central Asia
2016,N/A,Mexico,Latin America & Caribbean
2013,Crossfire,Syrian Arab Republic,Middle East & North Africa
2012,Dangerous Assignment,Syrian Arab Republic,Middle East & North Africa
2001,Murder,India,South Asia
2012,Murder,Syrian Arab Republic,Middle East & North Africa
2013,Dangerous Assignment,"Egypt, Arab Rep.",Middle East & North Africa
2014,Crossfire,Syrian Arab Republic,Middle East & North Africa
1994,Murder,Algeria,Middle East & North Africa
2004,Crossfire,Iraq,Middle East & North Africa
1995,Murder,Algeria,Middle East & North Africa
2015,Murder,France,Europe & Central Asia
2011,Dangerous Assignment,Iraq,Middle East & North Africa
2016,Crossfire,"Yemen, Rep.",Middle East & North Africa
2015,Murder,Libya,Middle East & North Africa
2014,Murder,Libya,Middle East & North Africa
2006,Murder,Iraq,Middle East & North Africa
2001,Crossfire,Israel,Middle East & North Africa
2010,Murder,"Yemen, Rep.",Middle East & North Africa
2007,Dangerous Assignment,Pakistan,South Asia
2019,N/A,Pakistan,South Asia
2013,Crossfire,Syrian Arab Republic,Middle East & North Africa
2017,N/A,Pakistan,South Asia
1997,Murder,Indonesia,East Asia & Pacific
2016,N/A,Pakistan,South Asia
2018,N/A,Indonesia,East Asia & Pacific
2013,Crossfire,Syrian Arab Republic,Middle East & North Africa
2007,Murder,Iraq,Middle East & North Africa
2006,Murder,Iraq,Middle East & North Africa
2012,Murder,Pakistan,South Asia
2009,Murder,Somalia,Sub-Saharan Africa
1992,Murder,Tajikistan,Europe & Central Asia
2011,N/A,Pakistan,South Asia
2006,Crossfire,Pakistan,South Asia
1999,Murder,Sierra Leone,Sub-Saharan Africa
2006,Murder,Iraq,Middle East & North Africa
1992,Dangerous Assignment,Tajikistan,Europe & Central Asia
2018,Murder,Libya,Middle East & North Africa
1992,Murder,Turkey,Europe & Central Asia
2009,Murder,Pakistan,South Asia
2015,Murder,South Sudan,Sub-Saharan Africa
2008,Murder,Iraq,Middle East & North Africa
1995,Murder,India,South Asia
2012,Dangerous Assignment,Pakistan,South Asia
2015,Dangerous Assignment,Somalia,Sub-Saharan Africa
1993,Murder,Algeria,Middle East & North Africa
2016,Murder,Syrian Arab Republic,Middle East & North Africa
2007,Murder,Iraq,Middle East & North Africa
1992,Murder,Lebanon,Middle East & North Africa
2016,Crossfire,Iraq,Middle East & North Africa
2018,Crossfire,Syrian Arab Republic,Middle East & North Africa
2014,Dangerous Assignment,Iraq,Middle East & North Africa
2014,Murder,India,South Asia
2002,N/A,Belarus,Europe & Central Asia
1999,Crossfire,Sierra Leone,Sub-Saharan Africa
2000,Murder,Sri Lanka,South Asia
1999,N/A,India,South Asia
2006,Murder,Iraq,Middle East & North Africa
1995,Murder,Algeria,Middle East & North Africa
1996,Murder,Russian Federation,Europe & Central Asia
2004,Murder,Iraq,Middle East & North Africa
2019,N/A,Afghanistan,South Asia
2001,Murder,Bangladesh,South Asia
2010,Murder,Honduras,Latin America & Caribbean
1995,Murder,Algeria,Middle East & North Africa
2016,Crossfire,Afghanistan,South Asia
1997,Murder,Indonesia,East Asia & Pacific
2005,Murder,Iraq,Middle East & North Africa
2012,Crossfire,Syrian Arab Republic,Middle East & North Africa
2015,Murder,Turkey,Europe & Central Asia
1992,Murder,Turkey,Europe & Central Asia
2007,Crossfire,Iraq,Middle East & North Africa
2012,N/A,Nigeria,Sub-Saharan Africa
2009,Murder,Philippines,East Asia & Pacific
2006,Murder,Iraq,Middle East & North Africa
2013,Murder,India,South Asia
2011,Murder,Pakistan,South Asia
1994,Murder,Algeria,Middle East & North Africa
2008,Murder,Somalia,Sub-Saharan Africa
1995,Crossfire,Russian Federation,Europe & Central Asia
2009,Murder,Russian Federation,Europe & Central Asia
2002,Murder,Russian Federation,Europe & Central Asia
1997,N/A,Brazil,Latin America & Caribbean
2010,Murder,Nigeria,Sub-Saharan Africa
2002,Murder,Nepal,South Asia
2017,N/A,India,South Asia
2018,Murder,India,South Asia
1999,N/A,Pakistan,South Asia
2013,Murder,Iraq,Middle East & North Africa
2007,Murder,Iraq,Middle East & North Africa
2003,Crossfire,Israel,Middle East & North Africa
1994,N/A,Turkey,Europe & Central Asia
2019,Murder,Haiti,Latin America & Caribbean
1998,Murder,Colombia,Latin America & Caribbean
1998,N/A,Philippines,East Asia & Pacific
2003,N/A,Philippines,East Asia & Pacific
2013,N/A,India,South Asia
2015,N/A,Philippines,East Asia & Pacific
2014,N/A,Honduras,Latin America & Caribbean
2011,N/A,Honduras,Latin America & Caribbean
2012,N/A,Philippines,East Asia & Pacific
1998,N/A,Colombia,Latin America & Caribbean
2019,Murder,Mexico,Latin America & Caribbean
2003,Murder,Brazil,Latin America & Caribbean
2001,N/A,France,Europe & Central Asia
2016,N/A,El Salvador,Latin America & Caribbean
2011,N/A,Philippines,East Asia & Pacific
2017,Murder,Russian Federation,Europe & Central Asia
2014,N/A,Philippines,East Asia & Pacific
2015,Murder,Bangladesh,South Asia
2014,Dangerous Assignment,Afghanistan,South Asia
1996,Murder,Russian Federation,Europe & Central Asia
2016,N/A,Syrian Arab Republic,Middle East & North Africa
2020,N/A,Iraq,Middle East & North Africa
2009,Murder,Philippines,East Asia & Pacific
2011,Murder,Mexico,Latin America & Caribbean
2003,Murder,Philippines,East Asia & Pacific
2014,N/A,Afghanistan,South Asia
2007,Dangerous Assignment,Pakistan,South Asia
2011,Dangerous Assignment,Somalia,Sub-Saharan Africa
1998,Murder,Burkina Faso,Sub-Saharan Africa
2009,Murder,Mexico,Latin America & Caribbean
2019,Murder,Mexico,Latin America & Caribbean
2008,N/A,Dominican Republic,Latin America & Caribbean
1996,Murder,Colombia,Latin America & Caribbean
2006,Murder,Iraq,Middle East & North Africa
2013,Crossfire,Syrian Arab Republic,Middle East & North Africa
2015,Crossfire,Syrian Arab Republic,Middle East & North Africa
2009,Dangerous Assignment,Azerbaijan,Europe & Central Asia
2018,Murder,Afghanistan,South Asia
1994,Murder,Cambodia,East Asia & Pacific
2009,Crossfire,Somalia,Sub-Saharan Africa
2014,N/A,Bangladesh,South Asia
2015,Crossfire,Syrian Arab Republic,Middle East & North Africa
1994,Murder,Rwanda,Sub-Saharan Africa
2019,Crossfire,Chad,Sub-Saharan Africa
2018,Crossfire,Syrian Arab Republic,Middle East & North Africa
2014,Murder,Mexico,Latin America & Caribbean
2006,Murder,Turkmenistan,Europe & Central Asia
1998,Murder,Nigeria,Sub-Saharan Africa
1996,N/A,Russian Federation,Europe & Central Asia
2001,N/A,Ukraine,Europe & Central Asia
1994,N/A,Tajikistan,Europe & Central Asia
1992,Dangerous Assignment,Tajikistan,Europe & Central Asia
1993,Murder,Tajikistan,Europe & Central Asia
2000,Murder,Philippines,East Asia & Pacific
1994,Murder,Algeria,Middle East & North Africa
2013,Crossfire,Syrian Arab Republic,Middle East & North Africa
2014,Crossfire,Syrian Arab Republic,Middle East & North Africa
2018,Crossfire,"Yemen, Rep.",Middle East & North Africa
2019,N/A,Mexico,Latin America & Caribbean
1995,Murder,Algeria,Middle East & North Africa
2010,Crossfire,Iraq,Middle East & North Africa
2009,Dangerous Assignment,"Iran, Islamic Rep.",Middle East & North Africa
2009,Murder,"Venezuela, RB",Latin America & Caribbean
2009,Crossfire,Iraq,Middle East & North Africa
2015,N/A,Brazil,Latin America & Caribbean
2018,Dangerous Assignment,Central African Republic,Sub-Saharan Africa
2002,Murder,Colombia,Latin America & Caribbean
2006,N/A,Philippines,East Asia & Pacific
2017,N/A,Syrian Arab Republic,Middle East & North Africa
2016,Crossfire,Syrian Arab Republic,Middle East & North Africa
2017,Crossfire,Syrian Arab Republic,Middle East & North Africa
2006,N/A,Iraq,Middle East & North Africa
2004,N/A,Colombia,Latin America & Caribbean
1998,Murder,Colombia,Latin America & Caribbean
2002,N/A,Colombia,Latin America & Caribbean
2003,N/A,Colombia,Latin America & Caribbean
2007,Murder,Iraq,Middle East & North Africa
1997,N/A,Cambodia,East Asia & Pacific
1997,Dangerous Assignment,India,South Asia
1999,Crossfire,Colombia,Latin America & Caribbean
2001,N/A,Colombia,Latin America & Caribbean
2014,Murder,Paraguay,Latin America & Caribbean
2000,N/A,Mexico,Latin America & Caribbean
2014,N/A,Afghanistan,South Asia
1995,N/A,Burundi,Sub-Saharan Africa
2019,N/A,"Congo, Dem. Rep.",Sub-Saharan Africa
1996,Murder,India,South Asia
2008,Murder,Sri Lanka,South Asia
2002,N/A,India,South Asia
2003,N/A,India,South Asia
2001,Murder,Costa Rica,Latin America & Caribbean
2003,Murder,India,South Asia
2010,N/A,"Congo, Dem. Rep.",Sub-Saharan Africa
2007,N/A,"Congo, Dem. Rep.",Sub-Saharan Africa
2008,N/A,Nigeria,Sub-Saharan Africa
2006,Crossfire,Iraq,Middle East & North Africa
1992,Crossfire,Croatia,Europe & Central Asia
2010,Murder,Uganda,Sub-Saharan Africa
2004,Murder,Russian Federation,Europe & Central Asia
1999,Murder,Sierra Leone,Sub-Saharan Africa
2003,Crossfire,Iraq,Middle East & North Africa
2018,Murder,Colombia,Latin America & Caribbean
2015,N/A,Mozambique,Sub-Saharan Africa
2012,N/A,Brazil,Latin America & Caribbean
2007,N/A,Eritrea,Sub-Saharan Africa
2005,Murder,Russian Federation,Europe & Central Asia
2016,Murder,Ukraine,Europe & Central Asia
2011,Murder,Peru,Latin America & Caribbean
2014,Murder,Brazil,Latin America & Caribbean
2016,N/A,Mexico,Latin America & Caribbean
1992,Murder,Peru,Latin America & Caribbean
1992,Murder,Papua New Guinea,East Asia & Pacific
2010,Dangerous Assignment,Pakistan,South Asia
2015,N/A,South Sudan,Sub-Saharan Africa
2019,N/A,Haiti,Latin America & Caribbean
1997,N/A,Ukraine,Europe & Central Asia
2011,Dangerous Assignment,Thailand,East Asia & Pacific
2005,Murder,Philippines,East Asia & Pacific
1998,Murder,Mexico,Latin America & Caribbean
2015,Murder,France,Europe & Central Asia
1994,Murder,Somalia,Sub-Saharan Africa
2001,Crossfire,Afghanistan,South Asia
2008,N/A,"Venezuela, RB",Latin America & Caribbean
1994,Murder,"Congo, Dem. Rep.",Sub-Saharan Africa
1993,Murder,Tajikistan,Europe & Central Asia
2006,N/A,Philippines,East Asia & Pacific
2005,N/A,Thailand,East Asia & Pacific
2015,N/A,South Sudan,Sub-Saharan Africa
2000,Dangerous Assignment,India,South Asia
2006,Murder,India,South Asia
2007,Murder,Nepal,South Asia
2019,Dangerous Assignment,Nigeria,Sub-Saharan Africa
2009,Dangerous Assignment,Sri Lanka,South Asia
2017,Crossfire,Syrian Arab Republic,Middle East & North Africa
2008,N/A,Iraq,Middle East & North Africa
2007,Murder,Iraq,Middle East & North Africa
2013,Murder,Iraq,Middle East & North Africa
1993,Murder,Algeria,Middle East & North Africa
1995,Murder,Algeria,Middle East & North Africa
1994,N/A,Serbia,Europe & Central Asia
2014,N/A,Iraq,Middle East & North Africa
2018,Murder,Syrian Arab Republic,Middle East & North Africa
2006,N/A,Iraq,Middle East & North Africa
2005,Murder,Iraq,Middle East & North Africa
2005,Murder,Colombia,Latin America & Caribbean
2009,N/A,Honduras,Latin America & Caribbean
2019,Murder,Mexico,Latin America & Caribbean
2005,Murder,Iraq,Middle East & North Africa
2002,Crossfire,Israel,Middle East & North Africa
2011,Murder,Azerbaijan,Europe & Central Asia
2009,N/A,Pakistan,South Asia
2016,Murder,India,South Asia
2012,Murder,India,South Asia
2017,Murder,India,South Asia
2013,Dangerous Assignment,India,South Asia
2013,Murder,India,South Asia
2002,Murder,India,South Asia
1992,Dangerous Assignment,India,South Asia
2012,Crossfire,Syrian Arab Republic,Middle East & North Africa
2014,Crossfire,Syrian Arab Republic,Middle East & North Africa
2014,Crossfire,Israel,Middle East & North Africa
2018,Dangerous Assignment,Afghanistan,South Asia
1996,Murder,Russian Federation,Europe & Central Asia
1999,Crossfire,Russian Federation,Europe & Central Asia
2015,Murder,South Sudan,Sub-Saharan Africa
1993,N/A,Bosnia and Herzegovina,Europe & Central Asia
2004,Crossfire,Iraq,Middle East & North Africa
2008,Dangerous Assignment,Sri Lanka,South Asia
2015,N/A,Azerbaijan,Europe & Central Asia
2005,N/A,Mexico,Latin America & Caribbean
2012,Murder,Pakistan,South Asia
2012,Murder,Mexico,Latin America & Caribbean
2012,Murder,Pakistan,South Asia
1995,Murder,Brazil,Latin America & Caribbean
2005,Murder,Sri Lanka,South Asia
2012,Murder,Syrian Arab Republic,Middle East & North Africa
1998,Murder,Philippines,East Asia & Pacific
2009,Murder,Philippines,East Asia & Pacific
2009,Murder,Philippines,East Asia & Pacific
2014,N/A,Honduras,Latin America & Caribbean
2010,Murder,Iraq,Middle East & North Africa
2005,N/A,Philippines,East Asia & Pacific
1995,Murder,Angola,Sub-Saharan Africa
1999,Murder,Argentina,Latin America & Caribbean
2017,N/A,Mexico,Latin America & Caribbean
2004,Dangerous Assignment,Haiti,Latin America & Caribbean
2013,N/A,Philippines,East Asia & Pacific
2014,N/A,Philippines,East Asia & Pacific
2003,Murder,Iraq,Middle East & North Africa
2003,Murder,Philippines,East Asia & Pacific
2010,Murder,Indonesia,East Asia & Pacific
1994,N/A,Bosnia and Herzegovina,Europe & Central Asia
2006,Murder,Iraq,Middle East & North Africa
2018,Murder,United States,North America
2005,Dangerous Assignment,Haiti,Latin America & Caribbean
2014,N/A,"Congo, Dem. Rep.",Sub-Saharan Africa
2005,N/A,Philippines,East Asia & Pacific
2001,Murder,United States,North America
2004,N/A,Mexico,Latin America & Caribbean
2006,Murder,Mexico,Latin America & Caribbean
2000,Dangerous Assignment,Guatemala,Latin America & Caribbean
1992,N/A,Haiti,Latin America & Caribbean
2019,N/A,Brazil,Latin America & Caribbean
2002,Crossfire,Russian Federation,Europe & Central Asia
1999,Murder,Colombia,Latin America & Caribbean
2010,N/A,Colombia,Latin America & Caribbean
2007,Murder,Mexico,Latin America & Caribbean
2013,Murder,Brazil,Latin America & Caribbean
2004,Murder,Philippines,East Asia & Pacific
2019,N/A,Mexico,Latin America & Caribbean
2013,N/A,Philippines,East Asia & Pacific
1999,N/A,Sri Lanka,South Asia
2016,N/A,Turkey,Europe & Central Asia
2001,Murder,Philippines,East Asia & Pacific
2005,Murder,Philippines,East Asia & Pacific
2009,N/A,Guatemala,Latin America & Caribbean
2006,N/A,Philippines,East Asia & Pacific
2019,N/A,Brazil,Latin America & Caribbean
2004,Murder,Philippines,East Asia & Pacific
2009,Murder,Philippines,East Asia & Pacific
1993,Murder,Philippines,East Asia & Pacific
2011,Murder,Philippines,East Asia & Pacific
2009,Murder,Philippines,East Asia & Pacific
1993,Dangerous Assignment,Russian Federation,Europe & Central Asia
1993,N/A,Philippines,East Asia & Pacific
2009,Murder,Philippines,East Asia & Pacific
2004,Murder,Philippines,East Asia & Pacific
2011,N/A,Philippines,East Asia & Pacific
2009,Murder,Philippines,East Asia & Pacific
2015,Murder,Mexico,Latin America & Caribbean
2018,N/A,Mexico,Latin America & Caribbean
2014,Murder,Philippines,East Asia & Pacific
2010,Crossfire,Afghanistan,South Asia
1995,Murder,Mexico,Latin America & Caribbean
1997,Dangerous Assignment,India,South Asia
1997,Dangerous Assignment,India,South Asia
1996,N/A,Bangladesh,South Asia
2019,Crossfire,Syrian Arab Republic,Middle East & North Africa
1993,Murder,Algeria,Middle East & North Africa
2011,Dangerous Assignment,Iraq,Middle East & North Africa
2018,Murder,Afghanistan,South Asia
2014,Murder,Bangladesh,South Asia
2006,Murder,Iraq,Middle East & North Africa
2010,Murder,Iraq,Middle East & North Africa
2006,Murder,Iraq,Middle East & North Africa
2020,Dangerous Assignment,Iraq,Middle East & North Africa
2004,Crossfire,Iraq,Middle East & North Africa
2016,Murder,Somalia,Sub-Saharan Africa
2007,N/A,Sri Lanka,South Asia
2007,Murder,Iraq,Middle East & North Africa
2004,N/A,Iraq,Middle East & North Africa
2013,Murder,India,South Asia
1995,Murder,Algeria,Middle East & North Africa
1994,Murder,Algeria,Middle East & North Africa
2009,Murder,Somalia,Sub-Saharan Africa
1995,Murder,Algeria,Middle East & North Africa
1995,Murder,Algeria,Middle East & North Africa
1997,Murder,India,South Asia
1993,N/A,Tajikistan,Europe & Central Asia
1993,Murder,Tajikistan,Europe & Central Asia
2007,N/A,Iraq,Middle East & North Africa
2007,Murder,Iraq,Middle East & North Africa
2016,Murder,Iraq,Middle East & North Africa
2013,Dangerous Assignment,Pakistan,South Asia
1998,Murder,Bangladesh,South Asia
2004,Murder,Pakistan,South Asia
2013,Dangerous Assignment,"Egypt, Arab Rep.",Middle East & North Africa
2011,Murder,Pakistan,South Asia
2018,Murder,Afghanistan,South Asia
2013,Dangerous Assignment,Libya,Middle East & North Africa
2005,Crossfire,Iraq,Middle East & North Africa
2014,Crossfire,Syrian Arab Republic,Middle East & North Africa
2007,Murder,Iraq,Middle East & North Africa
1992,Crossfire,Bosnia and Herzegovina,Europe & Central Asia
2017,Murder,Mexico,Latin America & Caribbean
2001,Murder,Paraguay,Latin America & Caribbean
2007,N/A,El Salvador,Latin America & Caribbean
1999,Dangerous Assignment,Nigeria,Sub-Saharan Africa
2005,Murder,Iraq,Middle East & North Africa
2014,Crossfire,Israel,Middle East & North Africa
2016,Murder,Syrian Arab Republic,Middle East & North Africa
2012,Crossfire,Syrian Arab Republic,Middle East & North Africa
2016,Murder,Syrian Arab Republic,Middle East & North Africa
2012,N/A,Afghanistan,South Asia
2018,Dangerous Assignment,Afghanistan,South Asia
2012,N/A,Iraq,Middle East & North Africa
2005,Murder,Lebanon,Middle East & North Africa
2006,N/A,Sri Lanka,South Asia
1999,Crossfire,Nigeria,Sub-Saharan Africa
2000,N/A,Kenya,Sub-Saharan Africa
2014,N/A,Philippines,East Asia & Pacific
2004,Murder,Brazil,Latin America & Caribbean
2015,N/A,India,South Asia
2018,Murder,India,South Asia
1999,Murder,Timor-Leste,East Asia & Pacific
2005,N/A,Thailand,East Asia & Pacific
2019,N/A,Mexico,Latin America & Caribbean
2014,Dangerous Assignment,Brazil,Latin America & Caribbean
2009,Murder,Philippines,East Asia & Pacific
2000,Dangerous Assignment,Sierra Leone,Sub-Saharan Africa
2012,Dangerous Assignment,Pakistan,South Asia
2010,Murder,Iraq,Middle East & North Africa
2007,Murder,Iraq,Middle East & North Africa
2008,Murder,Iraq,Middle East & North Africa
1995,N/A,Bosnia and Herzegovina,Europe & Central Asia
2003,Murder,Japan,East Asia & Pacific
2012,Dangerous Assignment,"Iran, Islamic Rep.",Middle East & North Africa
1998,N/A,Colombia,Latin America & Caribbean
2007,N/A,Mexico,Latin America & Caribbean
2010,N/A,Afghanistan,South Asia
2017,Dangerous Assignment,Afghanistan,South Asia
2017,Dangerous Assignment,Afghanistan,South Asia
1995,Murder,Turkey,Europe & Central Asia
1998,Murder,Thailand,East Asia & Pacific
2007,Murder,Sri Lanka,South Asia
2004,Crossfire,Iraq,Middle East & North Africa
2007,Murder,"Congo, Dem. Rep.",Sub-Saharan Africa
1994,N/A,Russian Federation,Europe & Central Asia
1996,N/A,Uzbekistan,Europe & Central Asia
2002,N/A,Russian Federation,Europe & Central Asia
1993,Dangerous Assignment,Russian Federation,Europe & Central Asia
2000,N/A,Russian Federation,Europe & Central Asia
2000,N/A,Russian Federation,Europe & Central Asia
2015,Crossfire,Ukraine,Europe & Central Asia
2001,N/A,Thailand,East Asia & Pacific
2009,N/A,Russian Federation,Europe & Central Asia
2011,Dangerous Assignment,Pakistan,South Asia
2014,N/A,Bangladesh,South Asia
2018,Murder,Afghanistan,South Asia
2002,Murder,Pakistan,South Asia
2013,Crossfire,Syrian Arab Republic,Middle East & North Africa
2000,N/A,Nepal,South Asia
1999,Crossfire,Russian Federation,Europe & Central Asia
1995,Crossfire,Russian Federation,Europe & Central Asia
2000,Murder,Bangladesh,South Asia
2014,Murder,Pakistan,South Asia
2007,N/A,Nepal,South Asia
2017,Dangerous Assignment,India,South Asia
1999,Crossfire,Yugoslavia,Europe & Central Asia
1993,N/A,Tajikistan,Europe & Central Asia
1993,N/A,Tajikistan,Europe & Central Asia
2000,N/A,Yugoslavia,Europe & Central Asia
2007,Murder,Iraq,Middle East & North Africa
2016,Dangerous Assignment,Pakistan,South Asia
2005,Murder,Bangladesh,South Asia
2010,Murder,Somalia,Sub-Saharan Africa
2017,Crossfire,Iraq,Middle East & North Africa
2008,Murder,Iraq,Middle East & North Africa
2004,Crossfire,Iraq,Middle East & North Africa
1992,Dangerous Assignment,Tajikistan,Europe & Central Asia
1999,N/A,India,South Asia
2009,Crossfire,Sri Lanka,South Asia
2018,Murder,India,South Asia
2012,N/A,Syrian Arab Republic,Middle East & North Africa
2016,N/A,Iraq,Middle East & North Africa
2002,Murder,Bangladesh,South Asia
2009,N/A,Pakistan,South Asia
1998,Murder,Angola,Sub-Saharan Africa
2004,Murder,Saudi Arabia,Middle East & North Africa
2014,Crossfire,Israel,Middle East & North Africa
2006,N/A,Sri Lanka,South Asia
2008,Dangerous Assignment,Pakistan,South Asia
1999,Murder,Yugoslavia,Europe & Central Asia
1994,Murder,Algeria,Middle East & North Africa
1993,Murder,Algeria,Middle East & North Africa
2006,Murder,Iraq,Middle East & North Africa
2016,Murder,Myanmar,East Asia & Pacific
2018,Murder,Pakistan,South Asia
2010,Murder,Greece,Europe & Central Asia
2015,Murder,"Congo, Dem. Rep.",Sub-Saharan Africa
2019,N/A,Peru,Latin America & Caribbean
2002,Murder,Philippines,East Asia & Pacific
2008,Murder,Iraq,Middle East & North Africa
2008,Crossfire,Georgia,Europe & Central Asia
2010,Dangerous Assignment,Angola,Sub-Saharan Africa
2017,Crossfire,Iraq,Middle East & North Africa
2015,Murder,France,Europe & Central Asia
2004,N/A,Philippines,East Asia & Pacific
2014,Murder,Syrian Arab Republic,Middle East & North Africa
2005,Murder,Iraq,Middle East & North Africa
2007,Murder,Sri Lanka,South Asia
2006,Murder,Sri Lanka,South Asia
2001,N/A,Thailand,East Asia & Pacific
2017,Crossfire,Iraq,Middle East & North Africa
2017,Murder,India,South Asia
2000,Murder,Pakistan,South Asia
2009,Crossfire,Iraq,Middle East & North Africa
2017,Dangerous Assignment,Iraq,Middle East & North Africa
2013,Murder,Syrian Arab Republic,Middle East & North Africa
2007,Murder,Israel,Middle East & North Africa
2019,N/A,Afghanistan,South Asia
2009,Dangerous Assignment,Afghanistan,South Asia
2010,N/A,China,East Asia & Pacific
2010,Murder,Nigeria,Sub-Saharan Africa
2014,N/A,Cambodia,East Asia & Pacific
1999,Crossfire,Russian Federation,Europe & Central Asia
2003,N/A,Thailand,East Asia & Pacific
2007,Crossfire,Sri Lanka,South Asia
2010,N/A,India,South Asia
2002,N/A,Bangladesh,South Asia
2011,Murder,C么te d'Ivoire,Sub-Saharan Africa
2007,Crossfire,Sri Lanka,South Asia
1993,Murder,Tajikistan,Europe & Central Asia
2011,N/A,Iraq,Middle East & North Africa
2016,Crossfire,Syrian Arab Republic,Middle East & North Africa
1993,Murder,Algeria,Middle East & North Africa
2009,Dangerous Assignment,Pakistan,South Asia
2010,Murder,Iraq,Middle East & North Africa
2017,Dangerous Assignment,Pakistan,South Asia
2014,N/A,Cambodia,East Asia & Pacific
2017,Crossfire,"Yemen, Rep.",Middle East & North Africa
2013,Dangerous Assignment,"Egypt, Arab Rep.",Middle East & North Africa
2012,Crossfire,Syrian Arab Republic,Middle East & North Africa
1998,Murder,Canada,North America
2003,Crossfire,Iraq,Middle East & North Africa
2003,Crossfire,Iraq,Middle East & North Africa
1995,N/A,United Kingdom,Europe & Central Asia
2014,Murder,India,South Asia
1993,Dangerous Assignment,Bosnia and Herzegovina,Europe & Central Asia
1992,Murder,Tajikistan,Europe & Central Asia
1994,Murder,Algeria,Middle East & North Africa
2019,N/A,Mexico,Latin America & Caribbean
2008,Murder,Russian Federation,Europe & Central Asia
2015,N/A,Philippines,East Asia & Pacific
2008,N/A,Mexico,Latin America & Caribbean
2003,Crossfire,Iraq,Middle East & North Africa
1998,N/A,Ethiopia,Sub-Saharan Africa
2007,Murder,Iraq,Middle East & North Africa
2015,Crossfire,Syrian Arab Republic,Middle East & North Africa
2015,Murder,Iraq,Middle East & North Africa
2006,Murder,Iraq,Middle East & North Africa
2019,N/A,South Africa,Sub-Saharan Africa
1994,Murder,Rwanda,Sub-Saharan Africa
1994,N/A,Rwanda,Sub-Saharan Africa
2000,N/A,India,South Asia
1996,Murder,Cambodia,East Asia & Pacific
1992,Crossfire,Bosnia and Herzegovina,Europe & Central Asia
2011,Crossfire,Libya,Middle East & North Africa
2002,Murder,Brazil,Latin America & Caribbean
2002,N/A,Armenia,Europe & Central Asia
2007,Murder,Paraguay,Latin America & Caribbean
1997,N/A,Peru,Latin America & Caribbean
1993,N/A,Tajikistan,Europe & Central Asia
1994,Murder,Cambodia,East Asia & Pacific
2008,N/A,Kenya,Sub-Saharan Africa
2017,N/A,Iraq,Middle East & North Africa
1998,Murder,Nigeria,Sub-Saharan Africa
1992,Murder,Tajikistan,Europe & Central Asia
2014,Crossfire,Syrian Arab Republic,Middle East & North Africa
1999,Dangerous Assignment,Myanmar,East Asia & Pacific
1999,Dangerous Assignment,Myanmar,East Asia & Pacific
2018,N/A,Brazil,Latin America & Caribbean
1993,Murder,Turkey,Europe & Central Asia
2001,Murder,Afghanistan,South Asia
2009,Murder,Nepal,South Asia
2011,Murder,India,South Asia
2000,N/A,India,South Asia
1995,Murder,Russian Federation,Europe & Central Asia
1999,N/A,Russian Federation,Europe & Central Asia
2019,Murder,Ukraine,Europe & Central Asia
2006,Murder,Russian Federation,Europe & Central Asia
2011,N/A,Brazil,Latin America & Caribbean
2010,Murder,Mexico,Latin America & Caribbean
1999,N/A,Russian Federation,Europe & Central Asia
2012,Murder,Brazil,Latin America & Caribbean
2011,N/A,Brazil,Latin America & Caribbean
2002,Murder,Russian Federation,Europe & Central Asia
1997,N/A,Russian Federation,Europe & Central Asia
2005,N/A,Belarus,Europe & Central Asia
1999,N/A,Sri Lanka,South Asia
2019,Crossfire,Syrian Arab Republic,Middle East & North Africa
2004,Murder,India,South Asia
1994,Murder,Rwanda,Sub-Saharan Africa
2013,N/A,Philippines,East Asia & Pacific
1996,Murder,Ireland,Europe & Central Asia
2004,N/A,Belarus,Europe & Central Asia
2017,Crossfire,Iraq,Middle East & North Africa
1995,Murder,Russian Federation,Europe & Central Asia
1997,Murder,Mexico,Latin America & Caribbean
1994,Murder,Guatemala,Latin America & Caribbean
2012,N/A,Mexico,Latin America & Caribbean
2009,Murder,Philippines,East Asia & Pacific
1994,N/A,Madagascar,Sub-Saharan Africa
2017,N/A,Honduras,Latin America & Caribbean
2010,Dangerous Assignment,India,South Asia
2008,Murder,India,South Asia
1995,N/A,Ukraine,Europe & Central Asia
1996,Murder,Russian Federation,Europe & Central Asia
1996,Murder,Tajikistan,Europe & Central Asia
1996,Crossfire,Russian Federation,Europe & Central Asia
2018,N/A,Bulgaria,Europe & Central Asia
1995,Murder,Burundi,Sub-Saharan Africa
2000,Dangerous Assignment,Philippines,East Asia & Pacific
1994,Murder,Rwanda,Sub-Saharan Africa
1994,N/A,Rwanda,Sub-Saharan Africa
1992,Dangerous Assignment,"Venezuela, RB",Latin America & Caribbean
1993,Murder,Lithuania,Europe & Central Asia
1993,Dangerous Assignment,Russian Federation,Europe & Central Asia
1995,Murder,Ukraine,Europe & Central Asia
2000,Murder,Russian Federation,Europe & Central Asia
1995,Crossfire,Russian Federation,Europe & Central Asia
1995,Murder,Russian Federation,Europe & Central Asia
2001,Crossfire,Afghanistan,South Asia
1999,Crossfire,Yugoslavia,Europe & Central Asia
2007,N/A,Russian Federation,Europe & Central Asia
2014,Murder,Ukraine,Europe & Central Asia
2009,N/A,Russian Federation,Europe & Central Asia
2004,Murder,Iraq,Middle East & North Africa
2013,Dangerous Assignment,Iraq,Middle East & North Africa
2017,Crossfire,"Yemen, Rep.",Middle East & North Africa
2011,Dangerous Assignment,"Egypt, Arab Rep.",Middle East & North Africa
2017,N/A,Myanmar,East Asia & Pacific
2004,Crossfire,Iraq,Middle East & North Africa
2005,Crossfire,Iraq,Middle East & North Africa
2013,Murder,Brazil,Latin America & Caribbean
2011,Murder,Pakistan,South Asia
2013,Crossfire,Syrian Arab Republic,Middle East & North Africa
2015,Crossfire,Syrian Arab Republic,Middle East & North Africa
2015,Murder,Bangladesh,South Asia
2009,N/A,Pakistan,South Asia
2013,Murder,Iraq,Middle East & North Africa
2018,Murder,United States,North America
2016,N/A,Iraq,Middle East & North Africa
2011,N/A,"Venezuela, RB",Latin America & Caribbean
2001,Dangerous Assignment,United States,North America
2002,N/A,Colombia,Latin America & Caribbean
1998,Murder,Rwanda,Sub-Saharan Africa
1994,Murder,Rwanda,Sub-Saharan Africa
2008,Crossfire,Iraq,Middle East & North Africa
2012,Murder,Thailand,East Asia & Pacific
2001,Murder,Thailand,East Asia & Pacific
2011,N/A,"Congo, Dem. Rep.",Sub-Saharan Africa
2006,Murder,China,East Asia & Pacific
1999,Crossfire,Yugoslavia,Europe & Central Asia
2012,N/A,Nepal,South Asia
1994,Murder,Algeria,Middle East & North Africa
2015,Murder,Iraq,Middle East & North Africa
1992,Murder,Turkey,Europe & Central Asia
2002,N/A,India,South Asia
2017,Murder,Maldives,South Asia
2016,N/A,Afghanistan,South Asia
2018,Murder,Afghanistan,South Asia
2013,Crossfire,Syrian Arab Republic,Middle East & North Africa
1992,N/A,Turkey,Europe & Central Asia
2018,Dangerous Assignment,Israel,Middle East & North Africa
2006,N/A,Iraq,Middle East & North Africa
1995,Murder,Algeria,Middle East & North Africa
1994,Murder,Algeria,Middle East & North Africa
2013,Murder,Syrian Arab Republic,Middle East & North Africa
2011,N/A,Guatemala,Latin America & Caribbean
2006,N/A,Russian Federation,Europe & Central Asia
2011,N/A,Mexico,Latin America & Caribbean
1992,Murder,Algeria,Middle East & North Africa
2014,Crossfire,Syrian Arab Republic,Middle East & North Africa
2013,Crossfire,Syrian Arab Republic,Middle East & North Africa
2015,Crossfire,"Yemen, Rep.",Middle East & North Africa
2013,Crossfire,Syrian Arab Republic,Middle East & North Africa
2000,N/A,Ukraine,Europe & Central Asia
2003,Murder,Russian Federation,Europe & Central Asia
1994,Murder,Russian Federation,Europe & Central Asia
2007,Crossfire,Iraq,Middle East & North Africa
2014,Murder,Somalia,Sub-Saharan Africa
2012,Crossfire,Syrian Arab Republic,Middle East & North Africa
1993,Dangerous Assignment,Russian Federation,Europe & Central Asia
2013,Crossfire,Syrian Arab Republic,Middle East & North Africa
1997,Dangerous Assignment,Pakistan,South Asia
2016,Crossfire,Afghanistan,South Asia
2018,N/A,United States,North America
2016,Murder,Turkey,Europe & Central Asia
2014,Crossfire,Syrian Arab Republic,Middle East & North Africa
2003,Murder,"Iran, Islamic Rep.",Middle East & North Africa
2015,Crossfire,Syrian Arab Republic,Middle East & North Africa
2011,Murder,Nigeria,Sub-Saharan Africa
2011,Dangerous Assignment,Bahrain,Middle East & North Africa
2012,N/A,Somalia,Sub-Saharan Africa
2018,N/A,"Yemen, Rep.",Middle East & North Africa
2007,Murder,Afghanistan,South Asia
2011,N/A,Pakistan,South Asia
2015,Murder,Pakistan,South Asia
1995,Murder,Brazil,Latin America & Caribbean
2018,N/A,Pakistan,South Asia
1993,N/A,Bosnia and Herzegovina,Europe & Central Asia
2020,N/A,Liberia,Sub-Saharan Africa
2000,Murder,Brazil,Latin America & Caribbean
1999,Crossfire,Yugoslavia,Europe & Central Asia
2019,N/A,"Yemen, Rep.",Middle East & North Africa
1993,N/A,Tajikistan,Europe & Central Asia
1995,Murder,Algeria,Middle East & North Africa
1993,N/A,Bosnia and Herzegovina,Europe & Central Asia
2007,Murder,Pakistan,South Asia
2014,Dangerous Assignment,Afghanistan,South Asia
1993,Murder,Tajikistan,Europe & Central Asia
