school_name,finalgrades,total_students,latitude,longitude,NTA
Fannie Lou Hamer Freedom High School,9 to 12,471,40.83087,-73.88626,Crotona Park East
Kingsborough Early College School,6 to 12,669,40.594291,-73.98577,Gravesend
Brooklyn Collegiate: A College Board School,9 to 12,239,40.674103,-73.913273,Ocean Hill
The Maxine Greene High School for Imaginative Inquiry,9 to 12,341,40.774351,-73.984753,Lincoln Square
Epic High School - South,9 to 12,382,40.675771,-73.816938,South Ozone Park
Eagle Academy for Young Men,6 to 12,527,40.844958,-73.89705,Claremont-Bathgate
The College Academy,9 to 12,427,40.855855,-73.92712,Washington Heights North
Flushing International High School,9 to 12,426,40.759844,-73.820548,Murray Hill
Pan American International High School,9 to 12,423,40.74373,-73.870642,Elmhurst
Park Slope Collegiate,6 to 12,690,40.669629,-73.979287,Park Slope-Gowanus
PROGRESS High School for Professional Careers,9 to 12,674,40.712184,-73.939722,Bushwick South
Orchard Collegiate Academy,9 to 12,197,40.713684,-73.986336,Lower East Side
Eagle Academy for Young Men of Harlem,6 to 12,374,40.817372,-73.947712,Central Harlem North-Polo Grounds
Townsend Harris High School,9 to 12,1182,40.73439,-73.821392,Kew Gardens Hills
Baccalaureate School for Global Education,7 to 12,534,40.755366,-73.927169,Queensbridge-Ravenswood-Long Island City
World View High School,9 to 12,551,40.882178,-73.88691,Van Cortlandt Village
Bronx Design and Construction Academy,9 to 12,452,40.818232,-73.919867,Melrose South-Mott Haven North
Dr. Susan S. McKinney Secondary School of the Arts,6 to 12,313,40.696324,-73.97578,Fort Greene
It Takes a Village Academy,9 to 12,659,40.648657,-73.922171,Rugby-Remsen Village
High School of Sports Management,9 to 12,241,40.594291,-73.98577,Gravesend
Bard High School Early College,9 to 12,615,40.719029,-73.975891,Lower East Side
Health Opportunities High School,9 to 12,497,40.815938,-73.930386,West Concourse
John Jay School for Law,9 to 12,436,40.669629,-73.979287,Park Slope-Gowanus
Jamaica Gateway to the Sciences,9 to 12,494,40.713218,-73.797237,Briarwood-Jamaica Hills
High School for Public Service: Heroes of Tomorrow,9 to 12,462,40.658893,-73.942458,Prospect Lefferts Gardens-Wingate
High School for Contemporary Arts,9 to 12,395,40.875953,-73.86197,Williamsbridge-Olinville
Manhattan Early College School for Advertising,9 to 14,416,40.711442,-74.000851,Chinatown
Queens High School for the Sciences at York College,9 to 12,475,40.701049,-73.798151,Jamaica
Queens Metropolitan High School,9 to 12,1104,40.711367,-73.856698,Forest Hills
Manhattan Bridges High School,9 to 12,532,40.76525,-73.993105,Clinton
Bronx Center for Science and Mathematics,9 to 12,448,40.833665,-73.902499,Claremont-Bathgate
"Robert F. Wagner, Jr. Secondary School for Arts and Technology",6 to 12,649,40.742839,-73.936782,Hunters Point-Sunnyside-West Maspeth
Bronx High School for Medical Science,6 to 12,419,40.840422,-73.91091,East Concourse-Concourse Village
Belmont Preparatory High School,9 to 12,390,40.860043,-73.888267,Belmont
Frank Sinatra School of the Arts High School,9 to 12,853,40.756534,-73.925121,Astoria
High School for Energy and Technology,9 to 12,406,40.855698,-73.882715,Belmont
International High School at Union Square,9 to 12,356,40.735494,-73.987659,Gramercy
Susan E. Wagner High School,9 to 12,3383,40.596803,-74.124227,Todt Hill-Emerson Hill-Heartland Village-Lighthouse Hill
Business of Sports School,9 to 12,429,40.76337,-73.9906,Clinton
Mott Hall Bronx High School,9 to 12,379,40.839244,-73.901316,Claremont-Bathgate
Spring Creek Community School,6 to 12,528,40.657434,-73.874734,East New York
New Utrecht High School,9 to 12,3427,40.613262,-74.003404,Bensonhurst West
Leon M. Goldstein High School for the Sciences,9 to 12,1057,40.580894,-73.935952,Sheepshead Bay-Gerritsen Beach-Manhattan Beach
Quest to Learn,6 to 12,545,40.742867,-74.002136,Hudson Yards-Chelsea-Flatiron-Union Square
The High School for Language and Diplomacy,9 to 12,302,40.735494,-73.987659,Gramercy
Brooklyn High School for Law and Technology,9 to 12,589,40.688831,-73.920906,Stuyvesant Heights
Queens Preparatory Academy,9 to 12,387,40.668235,-73.756839,Springfield Gardens North
Jacqueline Kennedy Onassis High School,9 to 12,443,40.757729,-73.983078,Midtown-Midtown South
High School of Hospitality Management,9 to 12,380,40.76525,-73.993105,Clinton
Discovery High School,9 to 12,490,40.870293,-73.898309,Van Cortlandt Village
John Adams High School,9 to 12,2366,40.679639,-73.837298,South Ozone Park
International Community High School,9 to 12,425,40.81004,-73.917792,Mott Haven-Port Morris
Pelham Lab High School,9 to 12,475,40.840702,-73.838545,Schuylerville-Throgs Neck-Edgewater Park
Veritas Academy,9 to 12,567,40.765166,-73.82789,Flushing
Martin Van Buren High School,9 to 12,1162,40.733066,-73.738756,Bellerose
The Urban Assembly School of Business for Young Women,9 to 12,179,40.70568,-74.013302,Battery Park City-Lower Manhattan
Harry S Truman High School,9 to 12,2081,40.874091,-73.833904,Co-op City
High School for Violin and Dance,9 to 12,253,40.827642,-73.904473,Morrisania-Melrose
Bronx Lab School,9 to 12,371,40.875953,-73.86197,Williamsbridge-Olinville
Academy for Excellence in Leadership,9 to 12,238,40.697185,-73.91117,Bushwick North
Stuyvesant High School,9 to 12,3316,40.7177,-74.01399,Battery Park City-Lower Manhattan
Frederick Douglass Academy,6 to 12,1257,40.824319,-73.93712,Central Harlem North-Polo Grounds
Academy for Conservation and the Environment,9 to 12,300,40.633285,-73.916735,Canarsie
George Westinghouse Career and Technical Education High School,9 to 12,776,40.694926,-73.986015,DUMBO-Vinegar Hill-Downtown Brooklyn-Boerum Hill
Tottenville High School,9 to 12,3654,40.528092,-74.192032,Annadale-Huguenot-Prince's Bay-Eltingville
Frederick Douglass Academy VII High School,9 to 12,153,40.665878,-73.911705,Brownsville
Bronx High School of Business,9 to 12,275,40.840422,-73.91091,East Concourse-Concourse Village
Careers in Sports High School,9 to 12,528,40.82231,-73.923829,East Concourse-Concourse Village
FDNY - Captain Vernon A. Richard High School for Fire and Life Safety,9 to 12,277,40.667456,-73.894747,East New York (Pennsylvania Ave)
New Design High School,9 to 12,426,40.717349,-73.989596,Chinatown
Brooklyn Studio Secondary School,6 to 12,929,40.604879,-73.994404,Bensonhurst West
High School of Arts and Technology,9 to 12,492,40.774351,-73.984753,Lincoln Square
Academy for College Preparation and Career Exploration: A College Board School,6 to 12,360,40.649787,-73.95855,Erasmus
Baruch College Campus High School,9 to 12,475,40.74193,-73.986521,Hudson Yards-Chelsea-Flatiron-Union Square
Wings Academy,9 to 12,463,40.841794,-73.875366,East Tremont
West Bronx Academy for the Future,6 to 12,609,40.860043,-73.888267,Belmont
"Celia Cruz Bronx High School of Music, The",9 to 12,421,40.870293,-73.898309,Van Cortlandt Village
Brooklyn College Academy,9 to 12,660,40.649404,-73.971736,Windsor Terrace
Queens Collegiate: A College Board School,6 to 12,669,40.713218,-73.797237,Briarwood-Jamaica Hills
Bronx Career and College Preparatory High School,9 to 12,268,40.827743,-73.900105,Longwood
Brooklyn High School of the Arts,9 to 12,939,40.683559,-73.98027,DUMBO-Vinegar Hill-Downtown Brooklyn-Boerum Hill
Gregorio Luperon High School for Science and Mathematics,9 to 12,521,40.838167,-73.938642,Washington Heights South
Williamsburg High School for Architecture and Design,9 to 12,580,40.715073,-73.954754,North Side-South Side
Bronx Studio School for Writers and Artists,6 to 12,645,40.820579,-73.893128,Hunts Point
East-West School of International Studies,6 to 12,649,40.749545,-73.822073,Flushing
Park East High School,9 to 12,389,40.790543,-73.944356,East Harlem South
Robert F. Kennedy Community High School,9 to 12,702,40.725603,-73.810697,Kew Gardens Hills
Dreamyard Preparatory School,9 to 12,271,40.840422,-73.91091,East Concourse-Concourse Village
"Mathematics, Science Research and Technology Magnet High School",9 to 12,407,40.697819,-73.745728,Cambria Heights
Victory Collegiate High School,9 to 12,341,40.633285,-73.916735,Canarsie
Urban Assembly New York Harbor School,9 to 12,533,40.701695,-74.011631,Battery Park City-Lower Manhattan
Brooklyn Technical High School,9 to 12,5937,40.688834,-73.976905,Fort Greene
Multicultural High School,9 to 12,267,40.691146,-73.868328,park-cemetery-etc-Brooklyn
Gotham Collaborative High School,9 to 12,532,40.82229,-73.856167,Soundview-Castle Hill-Clason Point-Harding Park
Eagle Academy for Young Men III,6 to 12,497,40.691712,-73.778923,St. Albans
The Urban Assembly School for Global Commerce,9 to 12,250,40.807383,-73.939433,Central Harlem North-Polo Grounds
Longwood Preparatory Academy,9 to 12,342,40.817512,-73.898212,Longwood
Gaynor McCown Expeditionary Learning School,9 to 12,434,40.581315,-74.158589,Todt Hill-Emerson Hill-Heartland Village-Lighthouse Hill
Bronx Leadership Academy II High School,9 to 12,511,40.82231,-73.923829,East Concourse-Concourse Village
El Puente Academy for Peace and Justice,9 to 12,224,40.705898,-73.955611,Williamsburg
University Neighborhood High School,9 to 12,483,40.712399,-73.984497,Lower East Side
The School for Human Rights,9 to 12,352,40.658893,-73.942458,Prospect Lefferts Gardens-Wingate
John Dewey High School,9 to 12,2203,40.589268,-73.981738000000007,Gravesend
Frank McCourt High School,9 to 12,413,40.785803,-73.974614,Upper West Side
Explorations Academy H.S.,9 to 12,326,40.8359,-73.890458,Crotona Park East
Rachel Carson High School for Coastal Studies,9 to 12,623,40.582533,-73.973132,West Brighton
World Academy for Total Community Health High School (WATCH),9 to 12,250,40.667456,-73.894747,East New York (Pennsylvania Ave)
The Williamsburg High School of Art and Technology,9 to 12,302,40.709941,-73.943641,East Williamsburg
47 The American Sign Language and English Secondary School,9 to 12,196,40.738548,-73.982455,Gramercy
Cyberarts Studio Academy,9 to 12,268,40.669629,-73.979287,Park Slope-Gowanus
Academy for Software Engineering (AFSE),9 to 12,459,40.735494,-73.987659,Gramercy
Forest Hills High School,9 to 12,3806,40.729402,-73.845637,Forest Hills
Brooklyn Academy of Science and the Environment (BASE),9 to 12,382,40.670349,-73.961695,Crown Heights South
Central Park East High School,9 to 12,508,40.793763,-73.949381,East Harlem South
Pelham Preparatory Academy,9 to 12,511,40.859665,-73.861006,Bronxdale
Hillcrest High School,9 to 12,3300,40.709446,-73.80166,Briarwood-Jamaica Hills
"Science Skills Center High School for Science, Technology and the Creative Arts",9 to 12,571,40.697339,-73.985016,DUMBO-Vinegar Hill-Downtown Brooklyn-Boerum Hill
Scholars' Academy,6 to 12,1351,40.584109,-73.825711,Breezy Point-Belle Harbor-Rockaway Park-Broad Channel
High School for Media and Communications,9 to 12,396,40.855855,-73.92712,Washington Heights North
Bard High School Early College Queens,9 to 12,643,40.745095,-73.936635,Hunters Point-Sunnyside-West Maspeth
High School of Telecommunication Arts and Technology,9 to 12,1235,40.637282,-74.023849,Bay Ridge
Pathways in Technology Early College High School (P-TECH),9 to 14,581,40.675612,-73.938843,Crown Heights North
World Journalism Preparatory: A College Board School,6 to 12,582,40.765133,-73.790083,Auburndale
Professional Performing Arts High School (PPAS),6 to 12,558,40.761448,-73.988019,Clinton
Leadership and Public Service High School,9 to 12,473,40.70873,-74.012332,Battery Park City-Lower Manhattan
Riverdale / Kingsbridge Academy (Middle School / High School 141) (RKA),6 to 12,1513,40.888338,-73.913486,North Riverdale-Fieldston-Riverdale
George Washington Carver High School for the Sciences,9 to 12,417,40.668235,-73.756839,Springfield Gardens North
Cypress Hills Collegiate Preparatory School,9 to 12,302,40.691146,-73.868328,park-cemetery-etc-Brooklyn
The Urban Assembly School for Media Studies,9 to 12,407,40.774351,-73.984753,Lincoln Square
The Academy of Urban Planning and Engineering,9 to 12,231,40.697185,-73.91117,Bushwick North
Collegiate Institute for Math and Science (CIMS),9 to 12,607,40.859665,-73.861006,Bronxdale
Academy of American Studies,9 to 12,1007,40.751331,-73.937434,Queensbridge-Ravenswood-Long Island City
Academy for Health Careers,9 to 12,301,40.675612,-73.938843,Crown Heights North
Gramercy Arts High School,9 to 12,468,40.735494,-73.987659,Gramercy
Bronx Collegiate Academy,9 to 12,388,40.840422,-73.91091,East Concourse-Concourse Village
Bronx Academy for Software Engineering (BASE),9 to 12 - This school is expanding to serve grades 9 to 14 in the 2023-2024 school year.,419,40.855698,-73.882715,Belmont
Eleanor Roosevelt High School,9 to 12,530,40.770187,-73.953608,Lenox Hill-Roosevelt Island
Urban Assembly School for the Performing Arts,9 to 12,387,40.815256,-73.955325,Manhattanville
Benjamin Banneker Academy,9 to 12,810,40.695332,-73.969243,Clinton Hill
Khalil Gibran International Academy,9 to 12,226,40.686499,-73.979649,DUMBO-Vinegar Hill-Downtown Brooklyn-Boerum Hill
Bronxdale High School,9 to 12,459,40.859665,-73.861006,Bronxdale
Channel View School for Research,6 to 12,967,40.586066,-73.822624,Breezy Point-Belle Harbor-Rockaway Park-Broad Channel
Chelsea Career and Technical Education High School,9 to 12,451,40.7244,-74.004625,SoHo-TriBeCa-Civic Center-Little Italy
City College Academy of the Arts,6 to 12,608,40.86079,-73.930672,Washington Heights North
International High School for Health Sciences,9 to 12,273,40.741122,-73.874721,Elmhurst
Urban Action Academy,9 to 12,264,40.641474,-73.898254,Canarsie
ACORN Community High School,9 to 12,150,40.678488,-73.962105,Crown Heights North
Liberation Diploma Plus,"School is structured on credit needs, not grade level",245,40.577208,-73.985953,Seagate-Coney Island
Bronx Leadership Academy High School,9 to 12,565,40.843588,-73.903236,Claremont-Bathgate
Long Island City High School,9 to 12,2252,40.765826,-73.9328,Astoria
The Clinton School,6 to 12,726,40.736518,-73.992725,Hudson Yards-Chelsea-Flatiron-Union Square
Bronx High School for Writing and Communication Arts,9 to 12,317,40.875953,-73.86197,Williamsbridge-Olinville
Institute for Health Professions at Cambria Heights,9 to 12,413,40.697819,-73.745728,Cambria Heights
Repertory Company High School for Theatre Arts,9 to 12,237,40.755843,-73.984382,Midtown-Midtown South
Francis Lewis High School,9 to 12,4492,40.740724,-73.79283,Auburndale
Bronx Collaborative High School,9 to 12,587,40.882178,-73.88691,Van Cortlandt Village
The Brooklyn School for Math and Research,9 to 12,277,40.697185,-73.91117,Bushwick North
"H.E.R.O. High (Health, Education, and Research Occupations High School)",9 to 14,530,40.810803,-73.907015,Mott Haven-Port Morris
Teachers Preparatory High School,9 to 12,205,40.665878,-73.911705,Brownsville
Boys and Girls High School,9 to 12,439,40.67944,-73.932407,Crown Heights North
Millennium Art Academy,9 to 12,422,40.82229,-73.856167,Soundview-Castle Hill-Clason Point-Harding Park
Urban Assembly Institute of Math and Science for Young Women,6 to 12,500,40.694682,-73.988853,DUMBO-Vinegar Hill-Downtown Brooklyn-Boerum Hill
High School for Arts and Business,9 to 12,784,40.737427,-73.853178,Corona
"High School for Law, Advocacy and Community Justice",9 to 12,429,40.774351,-73.984753,Lincoln Square
Bronx Academy of Health Careers,9 to 12,359,40.875953,-73.86197,Williamsbridge-Olinville
Bronx Envision Academy,9 to 12,418,40.8359,-73.890458,Crotona Park East
Inwood Early College for Health and Information Technologies,9 to 14,414,40.866053,-73.924835,Marble Hill-Inwood
Preparatory Academy for Writers: A College Board School,6 to 12,578,40.668235,-73.756839,Springfield Gardens North
High School for Teaching and the Professions,9 to 12,414,40.870293,-73.898309,Van Cortlandt Village
Essex Street Academy,9 to 12,339,40.717349,-73.989596,Chinatown
Antonia Pantoja Preparatory Academy: A College Board School,6 to 12,446,40.82229,-73.856167,Soundview-Castle Hill-Clason Point-Harding Park
Hudson High School of Learning Technologies,9 to 12,476,40.742867,-74.002136,Hudson Yards-Chelsea-Flatiron-Union Square
Richmond Hill High School,9 to 12,1576,40.695888,-73.833681,Richmond Hill
Westchester Square Academy,9 to 12,554,40.840702,-73.838545,Schuylerville-Throgs Neck-Edgewater Park
Wadleigh Secondary School for the Performing & Visual Arts,6 to 12,313,40.802207,-73.954142,Central Harlem South
Brooklyn Lab School,9 to 12,430,40.691146,-73.868328,park-cemetery-etc-Brooklyn
"Archimedes Academy for Math, Science and Technology Applications",6 to 12,659,40.814833,-73.85658,Soundview-Castle Hill-Clason Point-Harding Park
Aviation Career & Technical Education High School,9 to 12,2088,40.743509,-73.929076,Hunters Point-Sunnyside-West Maspeth
Brooklyn Preparatory High School,9 to 12,527,40.715073,-73.954754,North Side-South Side
A. Philip Randolph Campus High School,9 to 12,1503,40.818188,-73.950356,Manhattanville
Brooklyn Frontiers High School,9 to 12,184,40.690145,-73.989132,DUMBO-Vinegar Hill-Downtown Brooklyn-Boerum Hill
East Side Community School,6 to 12,680,40.729589,-73.982555,East Village
High School for Youth and Community Development at Erasmus,9 to 12,467,40.649787,-73.95855,Erasmus
Frederick Douglass Academy VI High School,9 to 12,346,40.60201,-73.762795,Far Rockaway-Bayswater
"Metropolitan High School, The",9 to 12,356,40.827315,-73.897612,Longwood
Edward R. Murrow High School,9 to 12,3693,40.620525,-73.959285,Midwood
Humanities & Arts Magnet High School,9 to 12,439,40.697819,-73.745728,Cambria Heights
W. H. Maxwell Career and Technical Education High School,9 to 12,376,40.674135,-73.89643,East New York (Pennsylvania Ave)
The Michael J. Petrides School,K to 12,1330,40.608512,-74.102067,Todt Hill-Emerson Hill-Heartland Village-Lighthouse Hill
All City Leadership Secondary School,6 to 12,430,40.69737,-73.913171,Bushwick North
Kingsbridge International High School,9 to 12,491,40.870293,-73.898309,Van Cortlandt Village
N.Y.C. Museum School,9 to 12,449,40.742129,-74.002198,Hudson Yards-Chelsea-Flatiron-Union Square
Millennium High School,9 to 12,681,40.704541,-74.011552,Battery Park City-Lower Manhattan
New Directions Secondary School,6 to 12,228,40.840422,-73.91091,East Concourse-Concourse Village
The High School for Global Citizenship,9 to 12,213,40.670349,-73.961695,Crown Heights South
Manhattan International High School,9 to 12,313,40.765359,-73.960059,Lenox Hill-Roosevelt Island
Bronx Engineering and Technology Academy,9 to 12,377,40.877105,-73.912256,Marble Hill-Inwood
Kurt Hahn Expeditionary Learning School,9 to 12,294,40.648657,-73.922171,Rugby-Remsen Village
Humanities Preparatory Academy,9 to 12,245,40.742867,-74.002136,Hudson Yards-Chelsea-Flatiron-Union Square
The Bronx High School of Science,9 to 12,3016,40.87759,-73.89104,Van Cortlandt Village
The Facing History School,9 to 12,372,40.76525,-73.993105,Clinton
Academy for Language and Technology,9 to 12,324,40.849532,-73.916077,University Heights-Morris Heights
York Early College Academy,6 to 12,658,40.69719,-73.787192,South Jamaica
Fordham Leadership Academy,9 to 12,352,40.860043,-73.888267,Belmont
The Brooklyn School for Social Justice,9 to 12,335,40.697185,-73.91117,Bushwick North
High School of Computers and Technology,9 to 12,542,40.875953,-73.86197,Williamsbridge-Olinville
William Cullen Bryant High School,9 to 12,2344,40.75823,-73.910514,Astoria
NYC iSchool,9 to 12,466,40.7244,-74.004625,SoHo-TriBeCa-Civic Center-Little Italy
Vanguard High School,9 to 12,427,40.765359,-73.960059,Lenox Hill-Roosevelt Island
Academy for Young Writers,6 to 12,551,40.657434,-73.874734,East New York
Performing Arts and Technology High School,9 to 12,409,40.667456,-73.894747,East New York (Pennsylvania Ave)
High School for Dual Language and Asian Studies,9 to 12,402,40.717349,-73.989596,Chinatown
The Urban Assembly Bronx Academy of Letters,6 to 12,587,40.813641,-73.925313,Mott Haven-Port Morris
High School for Innovation in Advertising and Media,9 to 12,240,40.641474,-73.898254,Canarsie
Mott Hall V,6 to 12,672,40.831416,-73.877785,West Farms-Bronx River
Nelson Mandela High School,9 to 12,252,40.67944,-73.932407,Crown Heights North
Institute for Collaborative Education (ICE),6 to 12,486,40.732447,-73.983031,Gramercy
New Dorp High School,9 to 12,3051,40.569393,-74.107737,New Dorp-Midland Beach
The Urban Assembly School for Green Careers,9 to 12,304,40.785803,-73.974614,Upper West Side
Excelsior Preparatory High School,9 to 12,438,40.668235,-73.756839,Springfield Gardens North
Food and Finance High School,9 to 12,375,40.76525,-73.993105,Clinton
Thomas A. Edison Career and Technical Education High School,9 to 12,2196,40.715389,-73.800369,Briarwood-Jamaica Hills
Union Square Academy for Health Sciences,9 to 12,414,40.735494,-73.987659,Gramercy
Life Academy High School for Film and Music,9 to 12,286,40.594291,-73.98577,Gravesend
Morris Academy for Collaborative Studies,9 to 12,409,40.827642,-73.904473,Morrisania-Melrose
Urban Assembly Gateway School for Technology,9 to 12,456,40.76337,-73.9906,Clinton
Newtown High School,9 to 12,1805,40.741122,-73.874721,Elmhurst
"The High School for Enterprise, Business and Technology",9 to 12,831,40.712184,-73.939722,Bushwick South
Marble Hill High School for International Studies,9 to 12,448,40.877105,-73.912256,Marble Hill-Inwood
John Bowne High School,9 to 12,3522,40.738139,-73.824944,Kew Gardens Hills
Young Women's Leadership School (TYWLS),6 to 12,480,40.792741,-73.947428,East Harlem South
Young Women's Leadership School of the Bronx (TYWLS),6 to 12,536,40.848547,-73.908416,Mount Hope
Bronx Health Sciences High School,9 to 12,295,40.874091,-73.833904,Co-op City
Newcomers High School,9 to 12,828,40.751356,-73.937445,Queensbridge-Ravenswood-Long Island City
Knowledge and Power Preparatory Academy International High School (KAPPA),9 to 12,464,40.860043,-73.888267,Belmont
University Heights Secondary School,9 to 12,519,40.81825,-73.91103,Melrose South-Mott Haven North
Brooklyn Community Arts & Media High School (BCAM),9 to 12,421,40.692642,-73.958794,Clinton Hill
Brooklyn Institute for Liberal Arts (BILA),9 to 12,415,40.658893,-73.942458,Prospect Lefferts Gardens-Wingate
Staten Island Technical High School,9 to 12,1331,40.567873,-74.115373,New Dorp-Midland Beach
Frederick Douglass Academy II Secondary School,6 to 12,362,40.802207,-73.954142,Central Harlem South
Hillside Arts & Letters Academy,9 to 12,447,40.713218,-73.797237,Briarwood-Jamaica Hills
"City Polytechnic High School of Engineering, Architecture, and Technology",9 to 14,426,40.694926,-73.986015,DUMBO-Vinegar Hill-Downtown Brooklyn-Boerum Hill
"Queens High School for Information, Research, and Technology",9 to 12,466,40.60201,-73.762795,Far Rockaway-Bayswater
Fiorello H. LaGuardia High School of Music & Art and Performing Arts,9 to 12,2760,40.773629,-73.985273,Lincoln Square
The Urban Assembly School for Emergency Management,9 to 12,265,40.711442,-74.000851,Chinatown
Digital Arts and Cinema Technology High School,9 to 12,246,40.685419,-73.993351,DUMBO-Vinegar Hill-Downtown Brooklyn-Boerum Hill
Midwood High School,9 to 12,4156,40.633237,-73.952929,Flatbush
Manhattan Academy for Arts & Language,9 to 12,233,40.746176,-73.981241,Murray Hill-Kips Bay
Community Health Academy of the Heights,6 to 12,713,40.833687,-73.942072,Washington Heights South
Fort Hamilton High School,9 to 12,4559,40.627898,-74.039985,Bay Ridge
Brooklyn School for Music & Theatre,9 to 12,296,40.670349,-73.961695,Crown Heights South
East Bronx Academy for the Future,6 to 12,668,40.836356,-73.888361,Crotona Park East
"Young Women's Leadership School, Queens (TYWLS)",6 to 12,547,40.707527,-73.806412,Briarwood-Jamaica Hills
Queens High School for Language Studies,9 to 12,424,40.765166,-73.82789,Flushing
Rockaway Park High School for Environmental Sustainability,9 to 12,304,40.586066,-73.822624,Breezy Point-Belle Harbor-Rockaway Park-Broad Channel
High School for Law and Public Service,9 to 12,481,40.855855,-73.92712,Washington Heights North
Professional Pathways High School,"School is structured on credit needs, not grade level",210,40.594124,-73.937696,Sheepshead Bay-Gerritsen Beach-Manhattan Beach
Eximius College Preparatory Academy: A College Board School,9 to 12,430,40.833665,-73.902499,Claremont-Bathgate
The Metropolitan Soundview High School,9 to 12,423,40.831601,-73.878912,West Farms-Bronx River
Columbia Secondary School,6 to 12,718,40.810431,-73.955809,Morningside Heights
Art and Design High School,9 to 12,1478,40.75924,-73.967203,Turtle Bay-East Midtown
Lyons Community School,6 to 12,471,40.709941,-73.943641,East Williamsburg
Cobble Hill School of American Studies,9 to 12,582,40.684524,-73.990993,DUMBO-Vinegar Hill-Downtown Brooklyn-Boerum Hill
Frederick Douglass Academy III Secondary School,9 to 12,408,40.833511,-73.90449,Claremont-Bathgate
High School of Language and Innovation,9 to 12,379,40.859665,-73.861006,Bronxdale
The Laboratory School of Finance and Technology,6 to 12,662,40.813983,-73.920782,Mott Haven-Port Morris
Academy of Finance and Enterprise,9 to 12,649,40.745095,-73.936635,Hunters Point-Sunnyside-West Maspeth
Herbert H. Lehman High School,9 to 12,794,40.840702,-73.838545,Schuylerville-Throgs Neck-Edgewater Park
Energy Tech High School,9 to 14,533,40.757065,-73.932664,Queensbridge-Ravenswood-Long Island City
Brooklyn Theatre Arts High School,9 to 12,350,40.633285,-73.916735,Canarsie
The Urban Assembly School for Law and Justice,9 to 12,435,40.694682,-73.988853,DUMBO-Vinegar Hill-Downtown Brooklyn-Boerum Hill
Benjamin Franklin High School for Finance & Information Technology,9 to 12,389,40.697819,-73.745728,Cambria Heights
International High School at Lafayette,9 to 12,347,40.594291,-73.98577,Gravesend
School for Tourism and Hospitality,9 to 12,299,40.821675,-73.903546,Morrisania-Melrose
School for Classics High School,9 to 12,270,40.670724,-73.874208,East New York
Gotham Professional Arts Academy,9 to 12,178,40.678488,-73.962105,Crown Heights North
Marta Valle High School,9 to 12,127,40.720581,-73.985645,Chinatown
High School for Service & Learning at Erasmus,9 to 12,297,40.649787,-73.95855,Erasmus
A-TECH High School,9 to 12,329,40.721981,-73.953281,North Side-South Side
Special Music School,K to 12,314,40.774351,-73.984753,Lincoln Square
Bronx School of Law and Finance,9 to 12,369,40.877105,-73.912256,Marble Hill-Inwood
Landmark High School,9 to 12,330,40.742867,-74.002136,Hudson Yards-Chelsea-Flatiron-Union Square
Bushwick Leaders High School for Academic Excellence,9 to 12,302,40.695056,-73.92814,Bushwick South
Theatre Arts Production Company School,6 to 12,540,40.854515,-73.896703,Mount Hope
Metropolitan Expeditionary Learning School,6 to 12,832,40.711367,-73.856698,Forest Hills
Millennium Brooklyn High School,9 to 12,675,40.669629,-73.979287,Park Slope-Gowanus
Pan American International High School at Monroe,9 to 12,444,40.831601,-73.878912,West Farms-Bronx River
Mott Haven Village Preparatory High School,9 to 12,315,40.81825,-73.91103,Melrose South-Mott Haven North
Queens Technical High School,9 to 12,1522,40.742205,-73.928219,Hunters Point-Sunnyside-West Maspeth
Renaissance High School for Musical Theater and the Arts,9 to 12,460,40.840702,-73.838545,Schuylerville-Throgs Neck-Edgewater Park
Benjamin N. Cardozo High School,9 to 12,3609,40.752333,-73.75599,Oakland Gardens
Astor Collegiate Academy,9 to 12,500,40.859665,-73.861006,Bronxdale
Bronx Early College Academy for Teaching & Learning,6 to 12,510,40.828696,-73.917668,East Concourse-Concourse Village
Unity Center for Urban Technologies,9 to 12,278,40.746176,-73.981241,Murray Hill-Kips Bay
The High School of Fashion Industries,9 to 12,1577,40.745156,-73.996074,Hudson Yards-Chelsea-Flatiron-Union Square
Academy of Innovative Technology,9 to 12,422,40.691146,-73.868328,park-cemetery-etc-Brooklyn
The Urban Assembly Academy of Government and Law,9 to 12,324,40.717349,-73.989596,Chinatown
Cultural Academy for the Arts and Sciences,9 to 12,282,40.648657,-73.922171,Rugby-Remsen Village
Bronx International High School,9 to 12,418,40.827642,-73.904473,Morrisania-Melrose
Port Richmond High School,9 to 12,1564,40.634573,-74.141818,Port Richmond
"High School for Math, Science and Engineering at City College (HSMSE)",9 to 12,491,40.82074,-73.949097,Manhattanville
Metropolitan Diploma Plus High School,"School is structured on credit needs, not grade level",227,40.656068,-73.907245,Brownsville
The Eagle Academy for Young Men of Staten Island,6 to 12,270,40.624263,-74.082667,Stapleton-Rosebank
International High School at Prospect Heights,9 to 12,368,40.670349,-73.961695,Crown Heights South
Talent Unlimited High School,9 to 12,518,40.765359,-73.960059,Lenox Hill-Roosevelt Island
Life Sciences Secondary School,9 to 12,425,40.783625,-73.945637,Yorkville
New World High School,9 to 12,381,40.887831,-73.852694,Williamsbridge-Olinville
Bronx High School for Law and Community Service,9 to 12,402,40.860043,-73.888267,Belmont
Crotona International High School,9 to 12,333,40.855698,-73.882715,Belmont
High School of Applied Communication,9 to 12,407,40.745095,-73.936635,Hunters Point-Sunnyside-West Maspeth
The Urban Assembly School of Design and Construction,9 to 12,302,40.76525,-73.993105,Clinton
August Martin High School,9 to 12,311,40.675633,-73.783342,Springfield Gardens North
Bronx River High School,9 to 12,425,40.840702,-73.838545,Schuylerville-Throgs Neck-Edgewater Park
International High School at LaGuardia Community College,9 to 12,507,40.744412,-73.93364,Hunters Point-Sunnyside-West Maspeth
"Queens High School of Teaching, Liberal Arts and the Sciences",9 to 12,1070,40.746088,-73.727535,Bellerose
School of the Future High School,6 to 12,749,40.738952,-73.985479,Gramercy
Grover Cleveland High School,9 to 12,1715,40.711033,-73.908814,Ridgewood
"Bronx School for Law, Government and Justice",6 to 12,751,40.827607,-73.918681,East Concourse-Concourse Village
Urban Assembly Maker Academy,9 to 12,390,40.711442,-74.000851,Chinatown
The Global Learning Collaborative,9 to 12,414,40.785803,-73.974614,Upper West Side
Fordham High School for the Arts,9 to 12,319,40.860043,-73.888267,Belmont
High School for Law Enforcement and Public Safety,9 to 12,462,40.686208,-73.784144,Baisley Park
Leaders High School,9 to 12,378,40.594291,-73.98577,Gravesend
Validus Preparatory Academy,9 to 12,361,40.839244,-73.901316,Claremont-Bathgate
Manhattan Village Academy,9 to 12,452,40.741497,-73.991512,Hudson Yards-Chelsea-Flatiron-Union Square
The Boerum Hill School for International Studies,6 to 12,723,40.685419,-73.993351,DUMBO-Vinegar Hill-Downtown Brooklyn-Boerum Hill
Juan Morel Campos Secondary School,6 to 12,515,40.703624,-73.953146,Williamsburg
Washington Heights Expeditionary Learning School (WHEELS),K to 12,864,40.848908,-73.930948,Washington Heights North
Robert H. Goddard High School of Communication Arts and Technology,9 to 12,629,40.67124,-73.845141,Ozone Park
"Heritage School, The",9 to 12,313,40.791881,-73.946558,East Harlem South
Bronx Aerospace High School,9 to 12,322,40.875953,-73.86197,Williamsbridge-Olinville
Urban Assembly School for Music and Art,9 to 12,207,40.697339,-73.985016,DUMBO-Vinegar Hill-Downtown Brooklyn-Boerum Hill
High School for Health Careers and Sciences,9 to 12,423,40.855855,-73.92712,Washington Heights North
Epic High School - North,9 to 12,411,40.693006,-73.829407,Richmond Hill
James Madison High School,9 to 12,3797,40.609912,-73.948512,Madison
Murray Hill Academy,9 to 12,304,40.746176,-73.981241,Murray Hill-Kips Bay
Franklin Delano Roosevelt High School,9 to 12,3214,40.620446,-73.981795,Borough Park
High School for Environmental Studies,9 to 12,1146,40.767791,-73.987531,Clinton
Independence High School,"School is structured on credit needs, not grade level",319,40.768343,-73.989108,Clinton
The Brooklyn Academy of Global Finance,9 to 12,105,40.691274,-73.933697,Stuyvesant Heights
Claremont International High School,9 to 12,361,40.840422,-73.91091,East Concourse-Concourse Village
Flushing High School,9 to 12,1595,40.765166,-73.82789,Flushing
Pathways College Preparatory School: A College Board School,6 to 12,588,40.70646,-73.753579,Hollis
High School of American Studies at Lehman College,9 to 12,411,40.873938,-73.895382,Van Cortlandt Village
Harvest Collegiate High School,9 to 12,457,40.736518,-73.994858,West Village
Hostos-Lincoln Academy of Science,6 to 12,547,40.815498,-73.91224,Melrose South-Mott Haven North
Academy for Careers in Television and Film (ACTV),9 to 12 - This school is expanding to serve grades 9 to 14 in the 2023-2024 school year.,562,40.742956,-73.959196,Hunters Point-Sunnyside-West Maspeth
In-Tech Academy (M.S. / High School 368),6 to 12,1022,40.879368,-73.909896,Spuyten Duyvil-Kingsbridge
The Urban Assembly School for Applied Math and Science,6 to 12,606,40.839244,-73.901316,Claremont-Bathgate
Ralph R. McKee Career and Technical Education High School,9 to 12,795,40.642793,-74.07873,West New Brighton-New Brighton-St. George
Manhattan Business Academy,9 to 12,414,40.742867,-74.002136,Hudson Yards-Chelsea-Flatiron-Union Square
Stephen T. Mather Building Arts & Craftsmanship High School,9 to 12,401,40.76337,-73.9906,Clinton
Beacon High School,9 to 12,1423,40.761452,-73.995802,Clinton
High School for Civil Rights,9 to 12,239,40.667456,-73.894747,East New York (Pennsylvania Ave)
Alfred E. Smith Career and Technical Education High School,9 to 12,455,40.818232,-73.919867,Melrose South-Mott Haven North
High School for Community Leadership,9 to 12,464,40.713218,-73.797237,Briarwood-Jamaica Hills
East Williamsburg Scholars Academy,9 to 12,304,40.712184,-73.939722,Bushwick South
Brooklyn Collaborative Studies,6 to 12,684,40.68007,-74.001377,Carroll Gardens-Columbia Street-Red Hook
Bronx Latin,6 to 12,580,40.827743,-73.900105,Longwood
Medgar Evers College Preparatory School,6 to 12,1332,40.667195,-73.951167,Crown Heights South
Queens Gateway to Health Sciences Secondary School,6 to 12,711,40.718831,-73.806499,Pomonok-Flushing Heights-Hillcrest
"Queens School of Inquiry, The",6 to 12,588,40.724458,-73.810216,Kew Gardens Hills
Esperanza Preparatory Academy,6 to 12,569,40.79307,-73.942303,East Harlem South
High School of World Cultures,9 to 12,459,40.831601,-73.878912,West Farms-Bronx River
East New York Family Academy,6 to 12,496,40.674135,-73.89643,East New York (Pennsylvania Ave)
School for Excellence,9 to 12,326,40.827642,-73.904473,Morrisania-Melrose
The Urban Assembly School for Collaborative Healthcare,9 to 12,338,40.691146,-73.868328,park-cemetery-etc-Brooklyn
William E. Grady Career and Technical Education High School,9 to 12,412,40.582585,-73.963477,Brighton Beach
CSI High School for International Studies,9 to 12,496,40.581315,-74.158589,Todt Hill-Emerson Hill-Heartland Village-Lighthouse Hill
High School for Health Professions and Human Services,9 to 12,1825,40.732447,-73.983031,Gramercy
International School for Liberal Arts,6 to 12,518,40.870293,-73.898309,Van Cortlandt Village
Academy of Hospitality and Tourism,9 to 12,196,40.649787,-73.95855,Erasmus
Comprehensive Model School Project M.S. 327,6 to 12,735,40.842495,-73.916082,West Concourse
N.Y.C. Lab School for Collaborative Studies,9 to 12,471,40.742129,-74.002198,Hudson Yards-Chelsea-Flatiron-Union Square
Murry Bergtraum High School for Business Careers,9 to 12,182,40.711442,-74.000851,Chinatown
Information Technology High School,9 to 12,1011,40.748701,-73.94638,Hunters Point-Sunnyside-West Maspeth
Academy for Scholarship and Entrepreneurship: A College Board School,9 to 12,368,40.887831,-73.852694,Williamsbridge-Olinville
Bronx Theatre High School,9 to 12,347,40.877105,-73.912256,Marble Hill-Inwood
Lower Manhattan Arts Academy,9 to 12,290,40.717349,-73.989596,Chinatown
EBC High School for Public Service - Bushwick,9 to 12,479,40.694507,-73.929107,Bushwick South
Clara Barton High School,9 to 12,1200,40.669567,-73.961962,Crown Heights South
"High School for Construction Trades, Engineering and Architecture",9 to 12,1066,40.689591,-73.840717,Richmond Hill
Urban Assembly School for Criminal Justice,6 to 12,549,40.634875,-73.981528,Borough Park
The Cinema School,9 to 12,317,40.831416,-73.877785,West Farms-Bronx River
Eagle Academy for Young Men II,6 to 12,651,40.677805,-73.915843,Ocean Hill
South Bronx Preparatory: A College Board School,6 to 12,657,40.813983,-73.920782,Mott Haven-Port Morris
Williamsburg Preparatory School,9 to 12,682,40.715073,-73.954754,North Side-South Side
Young Women's Leadership School of Brooklyn (TYWLS),6 to 12,382,40.705204,-73.939407,Bushwick South
"New Explorations into Science, Technology and Math High School (NEST+m)",K to 12,1754,40.718895,-73.979308,Lower East Side
Transit Tech Career and Technical Education High School,9 to 12,676,40.678276,-73.87596,East New York
Schuylerville Preparatory High School,9 to 12,360,40.840702,-73.838545,Schuylerville-Throgs Neck-Edgewater Park
Bronx Compass High School,9 to 12,381,40.82229,-73.856167,Soundview-Castle Hill-Clason Point-Harding Park
Maspeth High School,9 to 12,1212,40.729939,-73.887482,Maspeth
"Science, Technology and Research Early College High School at Erasmus (STAR)",6 to 12,576,40.649787,-73.95855,Erasmus
"Young Women's Leadership School, Astoria (TYWLS)",6 to 12,586,40.771215,-73.924591,Old Astoria
Bayside High School,9 to 12,2850,40.771755,-73.780296,Bayside-Bayside Hills
Manhattan / Hunter Science High School,9 to 12,441,40.774351,-73.984753,Lincoln Square
Bronx High School for the Visual Arts,9 to 12,461,40.851405,-73.865036,Pelham Parkway
The Brooklyn Latin School,9 to 12,698,40.709941,-73.943641,East Williamsburg
Thurgood Marshall Academy for Learning and Social Change,6 to 12,560,40.815449,-73.944061,Central Harlem North-Polo Grounds
High School for Medical Professions,9 to 12,460,40.641474,-73.898254,Canarsie
Curtis High School,9 to 12,2586,40.644735,-74.081222,West New Brighton-New Brighton-St. George
Cambria Heights Academy,9 to 12,370,40.711849,-73.771195,Jamaica
Civic Leadership Academy,9 to 12,593,40.74373,-73.870642,Elmhurst
Bronx Bridges High School,9 to 12,329,40.82229,-73.856167,Soundview-Castle Hill-Clason Point-Harding Park
High School of Economics and Finance,9 to 12,741,40.709196,-74.012022,Battery Park City-Lower Manhattan
Pace High School,9 to 12,572,40.716553,-73.993092,Chinatown
"The Marie Curie School for Medicine, Nursing, and Health Professions",9 to 12,430,40.875916,-73.90111,Van Cortlandt Village
The Bronxwood Preparatory Academy,9 to 12,360,40.887831,-73.852694,Williamsbridge-Olinville
West End Secondary School,6 to 11 - This school is expanding to serve grades 6 to 12.,432,40.772007,-73.987479,Lincoln Square
Richard R. Green High School of Teaching,9 to 12,429,40.705024,-74.012977,Battery Park City-Lower Manhattan
DeWitt Clinton High School,9 to 12,1119,40.882178,-73.88691,Van Cortlandt Village
Brooklyn Community High School for Excellence and Equity,9 to 12,189,40.633285,-73.916735,Canarsie
Rockaway Collegiate High School,9 to 12,306,40.586066,-73.822624,Breezy Point-Belle Harbor-Rockaway Park-Broad Channel
Mott Hall High School,9 to 12,288,40.817372,-73.947712,Central Harlem North-Polo Grounds
Community School for Social Justice,9 to 12,327,40.815938,-73.930386,West Concourse
Sunset Park High School,9 to 12,1216,40.65571,-74.005197,Sunset Park West
Bedford Academy High School,9 to 12,363,40.68538,-73.954302,Bedford
Origins High School,9 to 12,414,40.594124,-73.937696,Sheepshead Bay-Gerritsen Beach-Manhattan Beach
Middle College High School at LaGuardia Community College,9 to 12,508,40.744412,-73.93364,Hunters Point-Sunnyside-West Maspeth
Women's Academy of Excellence,9 to 12,248,40.814833,-73.85658,Soundview-Castle Hill-Clason Point-Harding Park
Business Technology Early College High School (BTECH),9 to 14,519,40.733066,-73.738756,Bellerose
Manhattan Center for Science and Mathematics,9 to 12,1650,40.793856,-73.934028,East Harlem North
Abraham Lincoln High School,9 to 12,1904,40.581681,-73.967308,West Brighton
Brooklyn International High School,9 to 12,359,40.697339,-73.985016,DUMBO-Vinegar Hill-Downtown Brooklyn-Boerum Hill
Academy of Medical Technology: A College Board School,6 to 12,626,40.60201,-73.762795,Far Rockaway-Bayswater
High School for Excellence and Innovation,9 to 12,182,40.866053,-73.924835,Marble Hill-Inwood
